model,subject,ms_acc,s01_acc,s02_acc,best_single,delta_vs_best,delta_vs_s02
deepconvnet,sub-001,0.933,0.634,0.915,0.915,0.018000000000000016,0.018000000000000016
deepconvnet,sub-002,0.652,0.612,0.652,0.652,0.0,0.0
deepconvnet,sub-003,0.9390000000000001,0.861,0.799,0.861,0.07800000000000007,0.14
deepconvnet,sub-004,0.479,0.507,0.479,0.507,-0.028000000000000025,0.0
deepconvnet,sub-005,0.674,0.609,0.505,0.609,0.06500000000000006,0.16900000000000004
deepconvnet,sub-006,0.942,0.916,0.858,0.916,0.025999999999999912,0.08399999999999996
deepconvnet,sub-007,0.885,0.779,0.8640000000000001,0.8640000000000001,0.020999999999999908,0.020999999999999908
deepconvnet,sub-008,0.796,0.5660000000000001,0.8019999999999999,0.8019999999999999,-0.005999999999999894,-0.005999999999999894
deepconvnet,sub-009,0.612,0.585,0.569,0.585,0.027000000000000024,0.04300000000000004
deepconvnet,sub-010,0.536,0.508,0.524,0.524,0.01200000000000001,0.01200000000000001
deepconvnet,sub-011,0.851,0.9039999999999999,0.8550000000000001,0.9039999999999999,-0.052999999999999936,-0.004000000000000115
deepconvnet,sub-012,0.518,0.5429999999999999,0.519,0.5429999999999999,-0.02499999999999991,-0.0010000000000000009
deepconvnet,sub-013,0.756,0.694,0.736,0.736,0.020000000000000018,0.020000000000000018
deepconvnet,sub-014,0.503,0.517,0.48200000000000004,0.517,-0.014000000000000012,0.020999999999999963
deepconvnet,sub-015,0.599,0.605,0.5810000000000001,0.605,-0.006000000000000005,0.017999999999999905
deepconvnet,sub-016,0.5349999999999999,0.504,0.55,0.55,-0.015000000000000124,-0.015000000000000124
deepconvnet,sub-017,0.731,0.693,0.647,0.693,0.038000000000000034,0.08399999999999996
deepconvnet,sub-018,0.6060000000000001,0.576,0.5509999999999999,0.576,0.030000000000000138,0.05500000000000016
deepconvnet,sub-019,0.8789999999999999,0.6,0.8379999999999999,0.8379999999999999,0.041000000000000036,0.041000000000000036
deepconvnet,sub-020,0.5740000000000001,0.621,0.5429999999999999,0.621,-0.04699999999999993,0.03100000000000014
deepconvnet,sub-021,0.807,0.6849999999999999,0.7110000000000001,0.7110000000000001,0.09599999999999997,0.09599999999999997
deepconvnet,sub-022,0.6980000000000001,0.585,0.651,0.651,0.04700000000000004,0.04700000000000004
deepconvnet,sub-025,0.876,0.844,0.8320000000000001,0.844,0.03200000000000003,0.04399999999999993
deepconvnet,sub-027,0.771,0.693,0.654,0.693,0.07800000000000007,0.11699999999999999
deepconvnet,sub-028,0.504,0.489,0.51,0.51,-0.006000000000000005,-0.006000000000000005
deepconvnet,sub-029,0.958,0.558,0.9480000000000001,0.9480000000000001,0.009999999999999898,0.009999999999999898
deepconvnet,sub-030,0.6980000000000001,0.52,0.8710000000000001,0.8710000000000001,-0.17300000000000004,-0.17300000000000004
deepconvnet,sub-031,0.753,0.585,0.769,0.769,-0.016000000000000014,-0.016000000000000014
deepconvnet,sub-033,0.873,0.765,0.804,0.804,0.06899999999999995,0.06899999999999995
deepconvnet,sub-034,0.9,0.708,0.8789999999999999,0.8789999999999999,0.02100000000000013,0.02100000000000013
deepconvnet,sub-035,0.943,0.909,0.922,0.922,0.020999999999999908,0.020999999999999908
deepconvnet,sub-036,0.984,0.966,0.984,0.984,0.0,0.0
deepconvnet,sub-037,0.8640000000000001,0.861,0.8539999999999999,0.861,0.0030000000000001137,0.010000000000000231
deepconvnet,sub-038,0.5640000000000001,0.533,0.515,0.533,0.031000000000000028,0.049000000000000044
deepconvnet,sub-039,0.48200000000000004,0.45,0.642,0.642,-0.15999999999999998,-0.15999999999999998
deepconvnet,sub-040,0.704,0.682,0.631,0.682,0.02199999999999991,0.07299999999999995
deepconvnet,sub-041,0.8880000000000001,0.86,0.827,0.86,0.028000000000000136,0.061000000000000165
deepconvnet,sub-042,0.6679999999999999,0.624,0.556,0.624,0.04399999999999993,0.11199999999999988
deepconvnet,sub-043,0.959,0.853,0.905,0.905,0.05399999999999994,0.05399999999999994
deepconvnet,sub-044,0.754,0.5589999999999999,0.652,0.652,0.10199999999999998,0.10199999999999998
deepconvnet,sub-045,0.8009999999999999,0.736,0.709,0.736,0.06499999999999995,0.09199999999999997
deepconvnet,sub-046,0.9709999999999999,0.929,0.922,0.929,0.041999999999999815,0.04899999999999982
deepconvnet,sub-047,0.775,0.7060000000000001,0.6799999999999999,0.7060000000000001,0.06899999999999995,0.09500000000000008
deepconvnet,sub-048,0.818,0.773,0.761,0.773,0.04499999999999993,0.05699999999999994
deepconvnet,sub-049,0.8019999999999999,0.5800000000000001,0.623,0.623,0.17899999999999994,0.17899999999999994
deepconvnet,sub-050,0.897,0.8009999999999999,0.874,0.874,0.02300000000000002,0.02300000000000002
deepconvnet,sub-051,0.8390000000000001,0.734,0.764,0.764,0.07500000000000007,0.07500000000000007
eegnet,sub-001,0.97,0.782,0.9550000000000001,0.9550000000000001,0.014999999999999902,0.014999999999999902
eegnet,sub-002,0.65,0.643,0.629,0.643,0.007000000000000006,0.02100000000000002
eegnet,sub-003,0.9030000000000001,0.828,0.765,0.828,0.07500000000000018,0.13800000000000012
eegnet,sub-004,0.483,0.496,0.496,0.496,-0.013000000000000012,-0.013000000000000012
eegnet,sub-005,0.769,0.71,0.697,0.71,0.05900000000000005,0.07200000000000006
eegnet,sub-006,0.943,0.9570000000000001,0.835,0.9570000000000001,-0.014000000000000123,0.10799999999999998
eegnet,sub-007,0.892,0.806,0.8720000000000001,0.8720000000000001,0.019999999999999907,0.019999999999999907
eegnet,sub-008,0.852,0.595,0.8150000000000001,0.8150000000000001,0.03699999999999992,0.03699999999999992
eegnet,sub-009,0.629,0.635,0.612,0.635,-0.006000000000000005,0.017000000000000015
eegnet,sub-010,0.5660000000000001,0.5349999999999999,0.54,0.54,0.026000000000000023,0.026000000000000023
eegnet,sub-011,0.93,0.9349999999999999,0.907,0.9349999999999999,-0.004999999999999893,0.02300000000000002
eegnet,sub-012,0.5349999999999999,0.561,0.502,0.561,-0.026000000000000134,0.03299999999999992
eegnet,sub-013,0.796,0.767,0.751,0.767,0.029000000000000026,0.04500000000000004
eegnet,sub-014,0.51,0.499,0.49400000000000005,0.499,0.01100000000000001,0.01599999999999996
eegnet,sub-015,0.606,0.5730000000000001,0.5900000000000001,0.5900000000000001,0.015999999999999903,0.015999999999999903
eegnet,sub-016,0.59,0.539,0.533,0.539,0.050999999999999934,0.05699999999999994
eegnet,sub-017,0.748,0.631,0.7230000000000001,0.7230000000000001,0.02499999999999991,0.02499999999999991
eegnet,sub-018,0.631,0.58,0.627,0.627,0.0040000000000000036,0.0040000000000000036
eegnet,sub-019,0.8150000000000001,0.592,0.8039999999999999,0.8039999999999999,0.01100000000000012,0.01100000000000012
eegnet,sub-020,0.503,0.572,0.48600000000000004,0.572,-0.06899999999999995,0.01699999999999996
eegnet,sub-021,0.789,0.708,0.713,0.713,0.07600000000000007,0.07600000000000007
eegnet,sub-022,0.807,0.5660000000000001,0.74,0.74,0.06700000000000006,0.06700000000000006
eegnet,sub-025,0.8469999999999999,0.813,0.806,0.813,0.03399999999999992,0.040999999999999814
eegnet,sub-027,0.747,0.69,0.667,0.69,0.05700000000000005,0.07999999999999996
eegnet,sub-028,0.522,0.527,0.51,0.527,-0.0050000000000000044,0.01200000000000001
eegnet,sub-029,0.8310000000000001,0.441,0.9349999999999999,0.9349999999999999,-0.10399999999999987,-0.10399999999999987
eegnet,sub-030,0.714,0.608,0.86,0.86,-0.14600000000000002,-0.14600000000000002
eegnet,sub-031,0.753,0.599,0.76,0.76,-0.007000000000000006,-0.007000000000000006
eegnet,sub-033,0.942,0.9030000000000001,0.898,0.9030000000000001,0.03899999999999981,0.04399999999999993
eegnet,sub-034,0.8300000000000001,0.74,0.859,0.859,-0.028999999999999915,-0.028999999999999915
eegnet,sub-035,0.9570000000000001,0.913,0.923,0.923,0.03400000000000003,0.03400000000000003
eegnet,sub-036,0.986,0.9710000000000001,0.986,0.986,0.0,0.0
eegnet,sub-037,0.898,0.8620000000000001,0.8939999999999999,0.8939999999999999,0.004000000000000115,0.004000000000000115
eegnet,sub-038,0.5439999999999999,0.46900000000000003,0.484,0.484,0.05999999999999994,0.05999999999999994
eegnet,sub-039,0.457,0.437,0.5820000000000001,0.5820000000000001,-0.12500000000000006,-0.12500000000000006
eegnet,sub-040,0.807,0.725,0.6679999999999999,0.725,0.08200000000000007,0.13900000000000012
eegnet,sub-041,0.891,0.8560000000000001,0.899,0.899,-0.008000000000000007,-0.008000000000000007
eegnet,sub-042,0.674,0.632,0.609,0.632,0.04200000000000004,0.06500000000000006
eegnet,sub-043,0.9650000000000001,0.9120000000000001,0.899,0.9120000000000001,0.052999999999999936,0.06600000000000006
eegnet,sub-044,0.721,0.569,0.688,0.688,0.03300000000000003,0.03300000000000003
eegnet,sub-045,0.875,0.841,0.796,0.841,0.03400000000000003,0.07899999999999996
eegnet,sub-046,0.9650000000000001,0.945,0.9400000000000001,0.945,0.02000000000000013,0.025000000000000022
eegnet,sub-047,0.8699999999999999,0.776,0.743,0.776,0.09399999999999986,0.1269999999999999
eegnet,sub-048,0.8220000000000001,0.799,0.762,0.799,0.02300000000000002,0.06000000000000005
eegnet,sub-049,0.873,0.653,0.8550000000000001,0.8550000000000001,0.017999999999999905,0.017999999999999905
eegnet,sub-050,0.9640000000000001,0.925,0.951,0.951,0.013000000000000123,0.013000000000000123
eegnet,sub-051,0.8960000000000001,0.8480000000000001,0.8539999999999999,0.8539999999999999,0.04200000000000026,0.04200000000000026
fbcnet,sub-001,0.772,0.606,0.8089999999999999,0.8089999999999999,-0.03699999999999992,-0.03699999999999992
fbcnet,sub-002,0.521,0.477,0.546,0.546,-0.025000000000000022,-0.025000000000000022
fbcnet,sub-003,0.8029999999999999,0.75,0.623,0.75,0.052999999999999936,0.17999999999999994
fbcnet,sub-004,0.514,0.519,0.493,0.519,-0.0050000000000000044,0.02100000000000002
fbcnet,sub-005,0.8119999999999999,0.792,0.704,0.792,0.019999999999999907,0.10799999999999998
fbcnet,sub-006,0.8949999999999999,0.751,0.7030000000000001,0.751,0.1439999999999999,0.19199999999999984
fbcnet,sub-007,0.5599999999999999,0.529,0.564,0.564,-0.0040000000000000036,-0.0040000000000000036
fbcnet,sub-008,0.666,0.5509999999999999,0.689,0.689,-0.02299999999999991,-0.02299999999999991
fbcnet,sub-009,0.518,0.49400000000000005,0.48100000000000004,0.49400000000000005,0.023999999999999966,0.03699999999999998
fbcnet,sub-010,0.5509999999999999,0.49400000000000005,0.518,0.518,0.03299999999999992,0.03299999999999992
fbcnet,sub-011,0.683,0.6449999999999999,0.5429999999999999,0.6449999999999999,0.038000000000000145,0.14000000000000012
fbcnet,sub-012,0.504,0.506,0.521,0.521,-0.017000000000000015,-0.017000000000000015
fbcnet,sub-013,0.5660000000000001,0.531,0.508,0.531,0.03500000000000003,0.05800000000000005
fbcnet,sub-014,0.485,0.5,0.483,0.5,-0.015000000000000013,0.0020000000000000018
fbcnet,sub-015,0.506,0.48600000000000004,0.506,0.506,0.0,0.0
fbcnet,sub-016,0.531,0.532,0.513,0.532,-0.0010000000000000009,0.018000000000000016
fbcnet,sub-017,0.6140000000000001,0.539,0.595,0.595,0.019000000000000128,0.019000000000000128
fbcnet,sub-018,0.5349999999999999,0.504,0.495,0.504,0.030999999999999917,0.039999999999999925
fbcnet,sub-019,0.568,0.531,0.537,0.537,0.030999999999999917,0.030999999999999917
fbcnet,sub-020,0.491,0.48200000000000004,0.497,0.497,-0.006000000000000005,-0.006000000000000005
fbcnet,sub-021,0.609,0.529,0.5509999999999999,0.5509999999999999,0.05800000000000005,0.05800000000000005
fbcnet,sub-022,0.5810000000000001,0.51,0.62,0.62,-0.038999999999999924,-0.038999999999999924
fbcnet,sub-025,0.516,0.525,0.558,0.558,-0.04200000000000004,-0.04200000000000004
fbcnet,sub-027,0.541,0.518,0.5,0.518,0.02300000000000002,0.041000000000000036
fbcnet,sub-028,0.734,0.674,0.683,0.683,0.050999999999999934,0.050999999999999934
fbcnet,sub-029,0.96,0.55,0.96,0.96,0.0,0.0
fbcnet,sub-030,0.675,0.605,0.773,0.773,-0.09799999999999998,-0.09799999999999998
fbcnet,sub-031,0.639,0.549,0.571,0.571,0.06800000000000006,0.06800000000000006
fbcnet,sub-033,0.922,0.9359999999999999,0.8699999999999999,0.9359999999999999,-0.013999999999999901,0.05200000000000016
fbcnet,sub-034,0.5599999999999999,0.499,0.5589999999999999,0.5589999999999999,0.0010000000000000009,0.0010000000000000009
fbcnet,sub-035,0.8880000000000001,0.8030000000000002,0.8800000000000001,0.8800000000000001,0.008000000000000007,0.008000000000000007
fbcnet,sub-036,0.933,0.9179999999999999,0.9280000000000002,0.9280000000000002,0.004999999999999893,0.004999999999999893
fbcnet,sub-037,0.704,0.5469999999999999,0.7070000000000001,0.7070000000000001,-0.0030000000000001137,-0.0030000000000001137
fbcnet,sub-038,0.518,0.499,0.539,0.539,-0.02100000000000002,-0.02100000000000002
fbcnet,sub-039,0.571,0.529,0.631,0.631,-0.06000000000000005,-0.06000000000000005
fbcnet,sub-040,0.689,0.7060000000000001,0.628,0.7060000000000001,-0.017000000000000126,0.06099999999999994
fbcnet,sub-041,0.86,0.6990000000000001,0.825,0.825,0.03500000000000003,0.03500000000000003
fbcnet,sub-042,0.646,0.609,0.595,0.609,0.03700000000000003,0.051000000000000045
fbcnet,sub-043,0.993,0.976,0.9470000000000001,0.976,0.017000000000000015,0.04599999999999993
fbcnet,sub-044,0.55,0.5439999999999999,0.525,0.5439999999999999,0.006000000000000116,0.025000000000000022
fbcnet,sub-045,0.754,0.7220000000000001,0.646,0.7220000000000001,0.03199999999999992,0.10799999999999998
fbcnet,sub-046,0.96,0.9490000000000001,0.93,0.9490000000000001,0.010999999999999899,0.029999999999999916
fbcnet,sub-047,0.818,0.74,0.713,0.74,0.07799999999999996,0.10499999999999998
fbcnet,sub-048,0.625,0.546,0.577,0.577,0.04800000000000004,0.04800000000000004
fbcnet,sub-049,0.732,0.508,0.798,0.798,-0.06600000000000006,-0.06600000000000006
fbcnet,sub-050,0.877,0.799,0.8400000000000001,0.8400000000000001,0.03699999999999992,0.03699999999999992
fbcnet,sub-051,0.776,0.669,0.768,0.768,0.008000000000000007,0.008000000000000007
