method,subject,acc_mean,none_acc_mean,gain_acc_mean
bn_statistics_adaptation,sub-001,0.7647619047619048,0.7571428571428571,0.007619047619047621
bn_statistics_adaptation,sub-002,0.5847142857142857,0.5828571428571429,0.0018571428571428545
bn_statistics_adaptation,sub-003,0.6616190476190477,0.7182380952380953,-0.056619047619047624
bn_statistics_adaptation,sub-004,0.506,0.5074285714285715,-0.0014285714285714299
bn_statistics_adaptation,sub-005,0.7324285714285714,0.7183809523809525,0.014047619047619052
bn_statistics_adaptation,sub-006,0.8438095238095238,0.7886666666666667,0.055142857142857146
bn_statistics_adaptation,sub-007,0.6872380952380952,0.6696666666666666,0.017571428571428575
bn_statistics_adaptation,sub-008,0.6640952380952382,0.6498571428571428,0.014238095238095232
bn_statistics_adaptation,sub-009,0.5998571428571429,0.5965714285714285,0.0032857142857142837
bn_statistics_adaptation,sub-010,0.5902857142857143,0.5714761904761905,0.01880952380952381
bn_statistics_adaptation,sub-011,0.7661428571428571,0.7561904761904762,0.009952380952380947
bn_statistics_adaptation,sub-012,0.5224285714285715,0.5187619047619048,0.0036666666666666683
bn_statistics_adaptation,sub-013,0.6537619047619048,0.6477142857142858,0.006047619047619054
bn_statistics_adaptation,sub-014,0.5006190476190476,0.5005714285714286,4.761904761904872e-05
bn_statistics_adaptation,sub-015,0.5646190476190477,0.5694761904761905,-0.004857142857142853
bn_statistics_adaptation,sub-016,0.5293333333333333,0.5246666666666667,0.0046666666666666645
bn_statistics_adaptation,sub-017,0.6588571428571429,0.647952380952381,0.010904761904761901
bn_statistics_adaptation,sub-018,0.5895714285714286,0.5882380952380952,0.0013333333333333303
bn_statistics_adaptation,sub-019,0.6257619047619047,0.6194761904761905,0.006285714285714294
bn_statistics_adaptation,sub-020,0.5642380952380952,0.5553809523809523,0.00885714285714286
bn_statistics_adaptation,sub-021,0.6372857142857143,0.6325238095238096,0.004761904761904759
bn_statistics_adaptation,sub-022,0.6014285714285714,0.593952380952381,0.007476190476190478
bn_statistics_adaptation,sub-023,0.781,0.7696666666666666,0.011333333333333329
bn_statistics_adaptation,sub-025,0.7706190476190476,0.7596190476190476,0.011000000000000008
bn_statistics_adaptation,sub-026,0.7843333333333333,0.7708333333333334,0.013500000000000019
bn_statistics_adaptation,sub-027,0.6386190476190475,0.6097619047619048,0.028857142857142852
bn_statistics_adaptation,sub-028,0.655952380952381,0.6288571428571429,0.027095238095238092
bn_statistics_adaptation,sub-029,0.6866666666666666,0.6776666666666666,0.009000000000000005
bn_statistics_adaptation,sub-030,0.7191428571428572,0.7217619047619047,-0.002619047619047616
bn_statistics_adaptation,sub-031,0.6662857142857143,0.6438095238095237,0.022476190476190476
bn_statistics_adaptation,sub-032,0.5704999999999999,0.581,-0.010499999999999994
bn_statistics_adaptation,sub-033,0.8886190476190476,0.8727619047619047,0.015857142857142854
bn_statistics_adaptation,sub-034,0.7054761904761905,0.7029047619047619,0.0025714285714285717
bn_statistics_adaptation,sub-035,0.8899523809523809,0.900952380952381,-0.011000000000000008
bn_statistics_adaptation,sub-036,0.9043809523809523,0.8978571428571429,0.006523809523809522
bn_statistics_adaptation,sub-037,0.7501904761904762,0.7914761904761906,-0.04128571428571428
bn_statistics_adaptation,sub-038,0.5147142857142857,0.5139523809523809,0.0007619047619047594
bn_statistics_adaptation,sub-039,0.5123333333333333,0.5093809523809524,0.002952380952380954
bn_statistics_adaptation,sub-040,0.6674761904761904,0.6601904761904761,0.007285714285714286
bn_statistics_adaptation,sub-041,0.8292857142857143,0.8203809523809524,0.008904761904761901
bn_statistics_adaptation,sub-042,0.6233809523809524,0.6168571428571428,0.006523809523809529
bn_statistics_adaptation,sub-043,0.9436190476190476,0.9337619047619048,0.009857142857142863
bn_statistics_adaptation,sub-044,0.6080476190476191,0.6027619047619047,0.00528571428571428
bn_statistics_adaptation,sub-045,0.7474285714285714,0.7411428571428571,0.006285714285714288
bn_statistics_adaptation,sub-046,0.9506666666666665,0.9452857142857143,0.0053809523809523795
bn_statistics_adaptation,sub-047,0.7749047619047619,0.7673333333333333,0.007571428571428572
bn_statistics_adaptation,sub-048,0.734952380952381,0.6983809523809523,0.03657142857142856
bn_statistics_adaptation,sub-049,0.725047619047619,0.7067142857142857,0.01833333333333333
bn_statistics_adaptation,sub-050,0.8532380952380952,0.8423809523809525,0.010857142857142859
bn_statistics_adaptation,sub-051,0.7506666666666666,0.7413333333333334,0.009333333333333325
euclidean_alignment,sub-001,0.7538095238095238,0.7571428571428571,-0.0033333333333333266
euclidean_alignment,sub-002,0.5639523809523809,0.5828571428571429,-0.01890476190476191
euclidean_alignment,sub-003,0.6200476190476191,0.7182380952380953,-0.09819047619047619
euclidean_alignment,sub-004,0.506,0.5074285714285715,-0.0014285714285714299
euclidean_alignment,sub-005,0.7063333333333334,0.7183809523809525,-0.01204761904761904
euclidean_alignment,sub-006,0.854904761904762,0.7886666666666667,0.06623809523809523
euclidean_alignment,sub-007,0.6843809523809524,0.6696666666666666,0.014714285714285718
euclidean_alignment,sub-008,0.6665238095238095,0.6498571428571428,0.016666666666666663
euclidean_alignment,sub-009,0.5631904761904761,0.5965714285714285,-0.03338095238095237
euclidean_alignment,sub-010,0.5802857142857143,0.5714761904761905,0.00880952380952381
euclidean_alignment,sub-011,0.7398095238095237,0.7561904761904762,-0.016380952380952392
euclidean_alignment,sub-012,0.5037619047619047,0.5187619047619048,-0.015000000000000008
euclidean_alignment,sub-013,0.6317619047619049,0.6477142857142858,-0.015952380952380937
euclidean_alignment,sub-014,0.4996666666666667,0.5005714285714286,-0.0009047619047619045
euclidean_alignment,sub-015,0.5558095238095238,0.5694761904761905,-0.013666666666666659
euclidean_alignment,sub-016,0.5183809523809524,0.5246666666666667,-0.006285714285714287
euclidean_alignment,sub-017,0.650047619047619,0.647952380952381,0.0020952380952380906
euclidean_alignment,sub-018,0.5711428571428572,0.5882380952380952,-0.017095238095238097
euclidean_alignment,sub-019,0.622,0.6194761904761905,0.0025238095238095315
euclidean_alignment,sub-020,0.5741428571428572,0.5553809523809523,0.01876190476190477
euclidean_alignment,sub-021,0.6434761904761904,0.6325238095238096,0.010952380952380948
euclidean_alignment,sub-022,0.6058571428571429,0.593952380952381,0.01190476190476191
euclidean_alignment,sub-023,0.7631666666666667,0.7696666666666666,-0.0064999999999999945
euclidean_alignment,sub-025,0.7723809523809523,0.7596190476190476,0.01276190476190476
euclidean_alignment,sub-026,0.8168333333333333,0.7708333333333334,0.04600000000000001
euclidean_alignment,sub-027,0.6433809523809525,0.6097619047619048,0.03361904761904763
euclidean_alignment,sub-028,0.6338571428571429,0.6288571428571429,0.004999999999999999
euclidean_alignment,sub-029,0.7324761904761904,0.6776666666666666,0.054809523809523815
euclidean_alignment,sub-030,0.6747142857142857,0.7217619047619047,-0.04704761904761904
euclidean_alignment,sub-031,0.6578095238095238,0.6438095238095237,0.013999999999999997
euclidean_alignment,sub-032,0.548,0.581,-0.032999999999999995
euclidean_alignment,sub-033,0.8481428571428571,0.8727619047619047,-0.024619047619047634
euclidean_alignment,sub-034,0.6797619047619048,0.7029047619047619,-0.02314285714285714
euclidean_alignment,sub-035,0.8748095238095238,0.900952380952381,-0.02614285714285714
euclidean_alignment,sub-036,0.8339047619047619,0.8978571428571429,-0.06395238095238095
euclidean_alignment,sub-037,0.7263333333333334,0.7914761904761906,-0.06514285714285714
euclidean_alignment,sub-038,0.5044285714285714,0.5139523809523809,-0.009523809523809526
euclidean_alignment,sub-039,0.517,0.5093809523809524,0.007619047619047617
euclidean_alignment,sub-040,0.6386190476190475,0.6601904761904761,-0.021571428571428578
euclidean_alignment,sub-041,0.8084285714285715,0.8203809523809524,-0.011952380952380947
euclidean_alignment,sub-042,0.5788571428571428,0.6168571428571428,-0.03799999999999999
euclidean_alignment,sub-043,0.9078095238095237,0.9337619047619048,-0.02595238095238095
euclidean_alignment,sub-044,0.5626190476190477,0.6027619047619047,-0.04014285714285715
euclidean_alignment,sub-045,0.6696190476190477,0.7411428571428571,-0.07152380952380952
euclidean_alignment,sub-046,0.9185238095238094,0.9452857142857143,-0.026761904761904758
euclidean_alignment,sub-047,0.7527619047619049,0.7673333333333333,-0.01457142857142857
euclidean_alignment,sub-048,0.7052380952380952,0.6983809523809523,0.006857142857142855
euclidean_alignment,sub-049,0.6704285714285714,0.7067142857142857,-0.03628571428571429
euclidean_alignment,sub-050,0.8180000000000001,0.8423809523809525,-0.02438095238095238
euclidean_alignment,sub-051,0.6797142857142857,0.7413333333333334,-0.06161904761904762
filterbank_reweighting,sub-001,0.762904761904762,0.7571428571428571,0.005761904761904755
filterbank_reweighting,sub-002,0.5372857142857143,0.5828571428571429,-0.04557142857142858
filterbank_reweighting,sub-003,0.7619523809523809,0.7182380952380953,0.04371428571428571
filterbank_reweighting,sub-004,0.5081904761904762,0.5074285714285715,0.000761904761904761
filterbank_reweighting,sub-005,0.7948571428571428,0.7183809523809525,0.07647619047619049
filterbank_reweighting,sub-006,0.7954285714285714,0.7886666666666667,0.006761904761904766
filterbank_reweighting,sub-007,0.6222380952380951,0.6696666666666666,-0.047428571428571424
filterbank_reweighting,sub-008,0.7106190476190476,0.6498571428571428,0.06076190476190475
filterbank_reweighting,sub-009,0.5504761904761905,0.5965714285714285,-0.046095238095238085
filterbank_reweighting,sub-010,0.603,0.5714761904761905,0.031523809523809516
filterbank_reweighting,sub-011,0.6583333333333333,0.7561904761904762,-0.09785714285714286
filterbank_reweighting,sub-012,0.515,0.5187619047619048,-0.0037619047619047627
filterbank_reweighting,sub-013,0.5951428571428572,0.6477142857142858,-0.05257142857142857
filterbank_reweighting,sub-014,0.4928095238095238,0.5005714285714286,-0.0077619047619047615
filterbank_reweighting,sub-015,0.5593333333333333,0.5694761904761905,-0.010142857142857136
filterbank_reweighting,sub-016,0.5098571428571429,0.5246666666666667,-0.014809523809523807
filterbank_reweighting,sub-017,0.6687142857142857,0.647952380952381,0.020761904761904763
filterbank_reweighting,sub-018,0.5264761904761905,0.5882380952380952,-0.061761904761904754
filterbank_reweighting,sub-019,0.6041904761904762,0.6194761904761905,-0.015285714285714276
filterbank_reweighting,sub-020,0.554,0.5553809523809523,-0.0013809523809523764
filterbank_reweighting,sub-021,0.650952380952381,0.6325238095238096,0.01842857142857142
filterbank_reweighting,sub-022,0.6076666666666667,0.593952380952381,0.01371428571428572
filterbank_reweighting,sub-023,0.8503333333333334,0.7696666666666666,0.08066666666666668
filterbank_reweighting,sub-025,0.6419523809523809,0.7596190476190476,-0.11766666666666666
filterbank_reweighting,sub-026,0.6875,0.7708333333333334,-0.08333333333333333
filterbank_reweighting,sub-027,0.5412380952380952,0.6097619047619048,-0.06852380952380951
filterbank_reweighting,sub-028,0.6855238095238095,0.6288571428571429,0.05666666666666667
filterbank_reweighting,sub-029,0.7991428571428572,0.6776666666666666,0.12147619047619049
filterbank_reweighting,sub-030,0.598095238095238,0.7217619047619047,-0.12366666666666666
filterbank_reweighting,sub-031,0.5813809523809524,0.6438095238095237,-0.062428571428571424
filterbank_reweighting,sub-032,0.542,0.581,-0.03899999999999999
filterbank_reweighting,sub-033,0.8882380952380953,0.8727619047619047,0.015476190476190468
filterbank_reweighting,sub-034,0.6005714285714286,0.7029047619047619,-0.10233333333333333
filterbank_reweighting,sub-035,0.9008571428571429,0.900952380952381,-9.523809523810484e-05
filterbank_reweighting,sub-036,0.8988571428571428,0.8978571428571429,0.0009999999999999957
filterbank_reweighting,sub-037,0.6996666666666667,0.7914761904761906,-0.09180952380952381
filterbank_reweighting,sub-038,0.5054761904761905,0.5139523809523809,-0.008476190476190477
filterbank_reweighting,sub-039,0.5376666666666666,0.5093809523809524,0.028285714285714282
filterbank_reweighting,sub-040,0.7206666666666667,0.6601904761904761,0.060476190476190475
filterbank_reweighting,sub-041,0.7633333333333334,0.8203809523809524,-0.05704761904761905
filterbank_reweighting,sub-042,0.6833809523809523,0.6168571428571428,0.06652380952380951
filterbank_reweighting,sub-043,0.9738571428571429,0.9337619047619048,0.040095238095238094
filterbank_reweighting,sub-044,0.5806666666666667,0.6027619047619047,-0.022095238095238095
filterbank_reweighting,sub-045,0.7597619047619049,0.7411428571428571,0.01861904761904762
filterbank_reweighting,sub-046,0.9593333333333334,0.9452857142857143,0.014047619047619052
filterbank_reweighting,sub-047,0.8493333333333333,0.7673333333333333,0.08199999999999999
filterbank_reweighting,sub-048,0.6542380952380952,0.6983809523809523,-0.04414285714285715
filterbank_reweighting,sub-049,0.8033333333333332,0.7067142857142857,0.09661904761904762
filterbank_reweighting,sub-050,0.880095238095238,0.8423809523809525,0.03771428571428572
filterbank_reweighting,sub-051,0.7960952380952381,0.7413333333333334,0.054761904761904755
riemannian_alignment,sub-001,0.7478095238095238,0.7571428571428571,-0.009333333333333334
riemannian_alignment,sub-002,0.5673333333333334,0.5828571428571429,-0.015523809523809527
riemannian_alignment,sub-003,0.6603333333333333,0.7182380952380953,-0.0579047619047619
riemannian_alignment,sub-004,0.4999523809523809,0.5074285714285715,-0.007476190476190477
riemannian_alignment,sub-005,0.7140952380952381,0.7183809523809525,-0.004285714285714283
riemannian_alignment,sub-006,0.8503809523809525,0.7886666666666667,0.06171428571428571
riemannian_alignment,sub-007,0.670952380952381,0.6696666666666666,0.0012857142857142878
riemannian_alignment,sub-008,0.661047619047619,0.6498571428571428,0.011190476190476192
riemannian_alignment,sub-009,0.5664761904761905,0.5965714285714285,-0.03009523809523809
riemannian_alignment,sub-010,0.5790952380952381,0.5714761904761905,0.007619047619047617
riemannian_alignment,sub-011,0.743,0.7561904761904762,-0.013190476190476193
riemannian_alignment,sub-012,0.5065714285714286,0.5187619047619048,-0.012190476190476198
riemannian_alignment,sub-013,0.6285238095238096,0.6477142857142858,-0.019190476190476185
riemannian_alignment,sub-014,0.5004761904761904,0.5005714285714286,-9.523809523809532e-05
riemannian_alignment,sub-015,0.5632857142857143,0.5694761904761905,-0.0061904761904761855
riemannian_alignment,sub-016,0.5168095238095238,0.5246666666666667,-0.00785714285714286
riemannian_alignment,sub-017,0.6681428571428571,0.647952380952381,0.020190476190476193
riemannian_alignment,sub-018,0.5619999999999999,0.5882380952380952,-0.026238095238095237
riemannian_alignment,sub-019,0.6186190476190476,0.6194761904761905,-0.0008571428571428473
riemannian_alignment,sub-020,0.5696666666666667,0.5553809523809523,0.014285714285714287
riemannian_alignment,sub-021,0.6358571428571429,0.6325238095238096,0.0033333333333333266
riemannian_alignment,sub-022,0.595,0.593952380952381,0.0010476190476190507
riemannian_alignment,sub-023,0.754,0.7696666666666666,-0.015666666666666662
riemannian_alignment,sub-025,0.7713809523809524,0.7596190476190476,0.01176190476190476
riemannian_alignment,sub-026,0.8333333333333334,0.7708333333333334,0.06250000000000001
riemannian_alignment,sub-027,0.6347619047619049,0.6097619047619048,0.02500000000000001
riemannian_alignment,sub-028,0.6444285714285715,0.6288571428571429,0.015571428571428578
riemannian_alignment,sub-029,0.7328095238095238,0.6776666666666666,0.05514285714285715
riemannian_alignment,sub-030,0.7309523809523809,0.7217619047619047,0.009190476190476195
riemannian_alignment,sub-031,0.6604285714285714,0.6438095238095237,0.016619047619047613
riemannian_alignment,sub-032,0.5556666666666668,0.581,-0.025333333333333326
riemannian_alignment,sub-033,0.8451904761904763,0.8727619047619047,-0.027571428571428584
riemannian_alignment,sub-034,0.6752380952380953,0.7029047619047619,-0.027666666666666666
riemannian_alignment,sub-035,0.8732857142857143,0.900952380952381,-0.02766666666666666
riemannian_alignment,sub-036,0.8295238095238094,0.8978571428571429,-0.06833333333333334
riemannian_alignment,sub-037,0.7546190476190476,0.7914761904761906,-0.03685714285714286
riemannian_alignment,sub-038,0.5144761904761905,0.5139523809523809,0.0005238095238095259
riemannian_alignment,sub-039,0.5141428571428571,0.5093809523809524,0.004761904761904762
riemannian_alignment,sub-040,0.6385714285714286,0.6601904761904761,-0.021619047619047625
riemannian_alignment,sub-041,0.8155714285714286,0.8203809523809524,-0.004809523809523808
riemannian_alignment,sub-042,0.5785714285714286,0.6168571428571428,-0.038285714285714284
riemannian_alignment,sub-043,0.9077619047619048,0.9337619047619048,-0.026
riemannian_alignment,sub-044,0.567952380952381,0.6027619047619047,-0.03480952380952381
riemannian_alignment,sub-045,0.6435238095238095,0.7411428571428571,-0.09761904761904762
riemannian_alignment,sub-046,0.9087619047619048,0.9452857142857143,-0.03652380952380952
riemannian_alignment,sub-047,0.7543333333333333,0.7673333333333333,-0.012999999999999998
riemannian_alignment,sub-048,0.7091428571428571,0.6983809523809523,0.010761904761904752
riemannian_alignment,sub-049,0.6767619047619048,0.7067142857142857,-0.029952380952380956
riemannian_alignment,sub-050,0.8252380952380953,0.8423809523809525,-0.017142857142857133
riemannian_alignment,sub-051,0.7001428571428572,0.7413333333333334,-0.0411904761904762
session_zscore,sub-001,0.7548571428571429,0.7571428571428571,-0.0022857142857142824
session_zscore,sub-002,0.580952380952381,0.5828571428571429,-0.0019047619047619043
session_zscore,sub-003,0.7406190476190476,0.7182380952380953,0.022380952380952376
session_zscore,sub-004,0.5086666666666667,0.5074285714285715,0.0012380952380952339
session_zscore,sub-005,0.719047619047619,0.7183809523809525,0.0006666666666666662
session_zscore,sub-006,0.8740952380952381,0.7886666666666667,0.08542857142857142
session_zscore,sub-007,0.6906666666666667,0.6696666666666666,0.021
session_zscore,sub-008,0.6409523809523809,0.6498571428571428,-0.008904761904761896
session_zscore,sub-009,0.578952380952381,0.5965714285714285,-0.017619047619047614
session_zscore,sub-010,0.5862380952380952,0.5714761904761905,0.01476190476190476
session_zscore,sub-011,0.7015238095238094,0.7561904761904762,-0.05466666666666667
session_zscore,sub-012,0.5139047619047619,0.5187619047619048,-0.004857142857142867
session_zscore,sub-013,0.6492857142857142,0.6477142857142858,0.0015714285714285808
session_zscore,sub-014,0.5025714285714286,0.5005714285714286,0.0019999999999999996
session_zscore,sub-015,0.5853333333333334,0.5694761904761905,0.01585714285714286
session_zscore,sub-016,0.5183333333333334,0.5246666666666667,-0.006333333333333334
session_zscore,sub-017,0.6470952380952381,0.647952380952381,-0.0008571428571428574
session_zscore,sub-018,0.5714761904761905,0.5882380952380952,-0.016761904761904763
session_zscore,sub-019,0.6241904761904763,0.6194761904761905,0.004714285714285723
session_zscore,sub-020,0.5554285714285714,0.5553809523809523,4.761904761905506e-05
session_zscore,sub-021,0.6326190476190476,0.6325238095238096,9.523809523809215e-05
session_zscore,sub-022,0.5937142857142856,0.593952380952381,-0.00023809523809524094
session_zscore,sub-023,0.7609999999999999,0.7696666666666666,-0.008666666666666666
session_zscore,sub-025,0.751904761904762,0.7596190476190476,-0.00771428571428572
session_zscore,sub-026,0.7806666666666667,0.7708333333333334,0.009833333333333341
session_zscore,sub-027,0.6069523809523809,0.6097619047619048,-0.0028095238095238047
session_zscore,sub-028,0.5965238095238095,0.6288571428571429,-0.032333333333333325
session_zscore,sub-029,0.6670952380952381,0.6776666666666666,-0.010571428571428567
session_zscore,sub-030,0.6655714285714286,0.7217619047619047,-0.05619047619047619
session_zscore,sub-031,0.625047619047619,0.6438095238095237,-0.018761904761904764
session_zscore,sub-032,0.5653333333333334,0.581,-0.01566666666666667
session_zscore,sub-033,0.8610476190476191,0.8727619047619047,-0.011714285714285717
session_zscore,sub-034,0.708047619047619,0.7029047619047619,0.005142857142857141
session_zscore,sub-035,0.9017142857142857,0.900952380952381,0.0007619047619047563
session_zscore,sub-036,0.8742857142857142,0.8978571428571429,-0.023571428571428573
session_zscore,sub-037,0.7876666666666666,0.7914761904761906,-0.003809523809523802
session_zscore,sub-038,0.5018571428571429,0.5139523809523809,-0.0120952380952381
session_zscore,sub-039,0.5020476190476191,0.5093809523809524,-0.007333333333333332
session_zscore,sub-040,0.6508571428571429,0.6601904761904761,-0.009333333333333336
session_zscore,sub-041,0.8086666666666666,0.8203809523809524,-0.011714285714285714
session_zscore,sub-042,0.608904761904762,0.6168571428571428,-0.007952380952380945
session_zscore,sub-043,0.9454285714285714,0.9337619047619048,0.011666666666666665
session_zscore,sub-044,0.6147142857142858,0.6027619047619047,0.011952380952380947
session_zscore,sub-045,0.7372380952380952,0.7411428571428571,-0.003904761904761904
session_zscore,sub-046,0.9539047619047619,0.9452857142857143,0.00861904761904761
session_zscore,sub-047,0.7591428571428571,0.7673333333333333,-0.008190476190476192
session_zscore,sub-048,0.6985238095238095,0.6983809523809523,0.0001428571428571398
session_zscore,sub-049,0.7071428571428572,0.7067142857142857,0.0004285714285714279
session_zscore,sub-050,0.8409047619047619,0.8423809523809525,-0.0014761904761904743
session_zscore,sub-051,0.698047619047619,0.7413333333333334,-0.043285714285714295
