relationship,x_metric,y_metric,model,prototype_type,distance,n,pearson_r,pearson_p,spearman_rho,spearman_p,slope,intercept,r2
prototype_drift_mean_vs_acc_drop,prototype_drift_mean,acc_drop,deepconvnet,confidence_weighted,cosine,2500,0.09488843279142234,2.0064284741460337e-06,0.08062424033169263,5.44241989662662e-05,0.056858991909862745,0.09562257115501228,0.009003814677612272
prototype_drift_mean_vs_acc_drop,prototype_drift_mean,acc_drop,eegnet,confidence_weighted,cosine,2500,-0.09574507472907107,1.6196176721039856e-06,-0.10476963827744766,1.5183792184152887e-07,-0.0616574982843652,0.1500144052171313,0.0091671193348754
prototype_drift_mean_vs_acc_drop,prototype_drift_mean,acc_drop,fbcnet,confidence_weighted,cosine,2500,0.23364956463955466,2.3987279447442583e-32,0.2733228005561056,4.447139562723942e-44,0.05768256878358164,0.0627326394038385,0.05459211905625338
prototype_drift_mean_vs_acc_drop,prototype_drift_mean,acc_drop,ALL,confidence_weighted,cosine,7500,0.09617310160190887,7.013754544291192e-17,0.11464250412101908,2.2914750123313852e-23,0.03427436373017305,0.08728268660496187,0.009249265471731077
prototype_drift_mean_vs_acc_drop,prototype_drift_mean,acc_drop,deepconvnet,confidence_weighted,euclidean,2500,0.0397510638938493,0.046884216652354135,0.3781360565769834,8.428877140310538e-86,4.703347122169178e-05,0.11133310320379416,0.001580147080692888
prototype_drift_mean_vs_acc_drop,prototype_drift_mean,acc_drop,eegnet,confidence_weighted,euclidean,2500,0.0904702867103969,5.883169905802093e-06,0.4947886955617874,1.5709923003287823e-154,8.115167402577707e-05,0.10500451844128124,0.008184872777461426
prototype_drift_mean_vs_acc_drop,prototype_drift_mean,acc_drop,fbcnet,confidence_weighted,euclidean,2500,-0.008033877524159887,0.6880524342377395,0.009371504630265946,0.6395334785159685,-3.5758249660552064e-05,0.09748159848542198,6.454318807320121e-05
prototype_drift_mean_vs_acc_drop,prototype_drift_mean,acc_drop,ALL,confidence_weighted,euclidean,7500,0.04998902566786377,1.4832394593253895e-05,0.17294536688340026,1.917829873873315e-51,5.9425649873772723e-05,0.10268101567329159,0.0024989026872223427
prototype_drift_mean_vs_acc_drop,prototype_drift_mean,acc_drop,deepconvnet,correct_only,cosine,2239,-0.04496437744124739,0.033377268519173435,-0.09760894782736461,3.7074889736958306e-06,-0.03081662689982554,0.12531796019376643,0.0020217952386789566
prototype_drift_mean_vs_acc_drop,prototype_drift_mean,acc_drop,eegnet,correct_only,cosine,2418,-0.2978669154892152,9.799743855899915e-51,-0.3171740384846317,1.2103412577592443e-57,-0.2091571005638251,0.23630132885729835,0.08872469934305922
prototype_drift_mean_vs_acc_drop,prototype_drift_mean,acc_drop,fbcnet,correct_only,cosine,1920,0.17604013134917315,7.884732328870905e-15,0.23777903405667414,4.374393349619449e-26,0.04578338099157496,0.05982481965603148,0.030990127845434135
prototype_drift_mean_vs_acc_drop,prototype_drift_mean,acc_drop,ALL,correct_only,cosine,6577,-0.025757125739251447,0.036724016745775,-0.008231664820296442,0.5044772161775535,-0.010426632114987889,0.1093632106968995,0.0006634295263476071
prototype_drift_mean_vs_acc_drop,prototype_drift_mean,acc_drop,deepconvnet,correct_only,euclidean,2239,0.01676191276999604,0.4279210548520772,0.2993538232439786,1.3912754499574522e-47,4.733819062903913e-06,0.11708933130112294,0.00028096171970895664
prototype_drift_mean_vs_acc_drop,prototype_drift_mean,acc_drop,eegnet,correct_only,euclidean,2418,0.0658464711142999,0.0011964659076597723,0.4758797738706469,6.582246649222246e-137,3.535262835180346e-05,0.10759281942406781,0.00433575775820633
prototype_drift_mean_vs_acc_drop,prototype_drift_mean,acc_drop,fbcnet,correct_only,euclidean,1920,-0.061731304019638944,0.006815045563243298,-0.03902690542506175,0.08733783979486322,-0.0002900860655134625,0.10168636524732055,0.0038107538959650878
prototype_drift_mean_vs_acc_drop,prototype_drift_mean,acc_drop,ALL,correct_only,euclidean,6577,0.025214783047306285,0.04087234457014406,0.1488142599199114,6.978368381717109e-34,1.0517223431495264e-05,0.10403694940514413,0.0006357852841227246
prototype_drift_mean_vs_acc_drop,prototype_drift_mean,acc_drop,deepconvnet,label_based,cosine,2500,0.10322185457340188,2.3118960305368416e-07,0.0889384840329517,8.44707499753931e-06,0.062035708593223826,0.09495155476451045,0.010654751261572537
prototype_drift_mean_vs_acc_drop,prototype_drift_mean,acc_drop,eegnet,label_based,cosine,2500,-0.09019740852279276,6.277406423748688e-06,-0.09991600095304645,5.56212161832411e-07,-0.05634567910681881,0.1457845458877398,0.008135572504227565
prototype_drift_mean_vs_acc_drop,prototype_drift_mean,acc_drop,fbcnet,label_based,cosine,2500,0.23542113349104254,7.938722059813195e-33,0.27584446624408365,6.787459273938366e-45,0.05831056591501556,0.0626501751790342,0.05542311009420724
prototype_drift_mean_vs_acc_drop,prototype_drift_mean,acc_drop,ALL,label_based,cosine,7500,0.09809087543445667,1.6797426946342224e-17,0.11853051954662623,7.071141799225834e-25,0.034856098353278825,0.0873127670252031,0.009621819843498088
prototype_drift_mean_vs_acc_drop,prototype_drift_mean,acc_drop,deepconvnet,label_based,euclidean,2500,0.04617798881765943,0.020944887969319904,0.38267290627431394,5.389143432132521e-88,5.830033171002409e-05,0.11120687055770735,0.002132406651243876
prototype_drift_mean_vs_acc_drop,prototype_drift_mean,acc_drop,eegnet,label_based,euclidean,2500,0.09438556454168115,2.2732935306271355e-06,0.5023757302894196,5.345879926273814e-160,8.88038482437366e-05,0.10504605003021532,0.008908634793851844
prototype_drift_mean_vs_acc_drop,prototype_drift_mean,acc_drop,fbcnet,label_based,euclidean,2500,-0.006775287300137557,0.7349119642400018,0.01050892173439513,0.5994456909749986,-3.0336657268867515e-05,0.09712360928658204,4.590451799940518e-05
prototype_drift_mean_vs_acc_drop,prototype_drift_mean,acc_drop,ALL,label_based,euclidean,7500,0.053279647971295405,3.899599615983383e-06,0.1771181769659557,6.592032823189946e-54,6.66126738802483e-05,0.10253773931838395,0.0028387208879451617
prototype_direction_cosine_vs_acc_drop,prototype_direction_cosine,acc_drop,deepconvnet,confidence_weighted,cosine,2500,0.0372269891145516,0.06273519049703077,0.06542007610587924,0.0010645983897560277,0.01566582019774783,0.10963528595566273,0.0013858487185349397
prototype_direction_cosine_vs_acc_drop,prototype_direction_cosine,acc_drop,eegnet,confidence_weighted,cosine,2500,-0.005779092804527487,0.7727248344088661,0.027773386552234488,0.16506318083284258,-0.0032976281828703,0.10770409500885601,3.3397913643341185e-05
prototype_direction_cosine_vs_acc_drop,prototype_direction_cosine,acc_drop,fbcnet,confidence_weighted,cosine,2500,0.02837858886717757,0.15604323746926743,0.040791492245234505,0.04140978387457087,0.01686239392122779,0.09469729716754474,0.0008053443060922949
prototype_direction_cosine_vs_acc_drop,prototype_direction_cosine,acc_drop,ALL,confidence_weighted,cosine,7500,0.029207362925019263,0.011420895409001547,0.045918920450117126,6.94592006083213e-05,0.01458313270681336,0.10339006147354932,0.0008530700490337898
prototype_direction_cosine_vs_acc_drop,prototype_direction_cosine,acc_drop,deepconvnet,confidence_weighted,euclidean,2500,0.0372269891145516,0.06273519049703077,0.06542007610587924,0.0010645983897560277,0.01566582019774783,0.10963528595566273,0.0013858487185349397
prototype_direction_cosine_vs_acc_drop,prototype_direction_cosine,acc_drop,eegnet,confidence_weighted,euclidean,2500,-0.005779092804527487,0.7727248344088661,0.027773386552234488,0.16506318083284258,-0.0032976281828703,0.10770409500885601,3.3397913643341185e-05
prototype_direction_cosine_vs_acc_drop,prototype_direction_cosine,acc_drop,fbcnet,confidence_weighted,euclidean,2500,0.02837858886717757,0.15604323746926743,0.040791492245234505,0.04140978387457087,0.01686239392122779,0.09469729716754474,0.0008053443060922949
prototype_direction_cosine_vs_acc_drop,prototype_direction_cosine,acc_drop,ALL,confidence_weighted,euclidean,7500,0.029207362925019263,0.011420895409001547,0.045918920450117126,6.94592006083213e-05,0.01458313270681336,0.10339006147354932,0.0008530700490337898
prototype_direction_cosine_vs_acc_drop,prototype_direction_cosine,acc_drop,deepconvnet,correct_only,cosine,2239,0.346730799212702,2.9297554875663314e-64,0.3678928789513399,1.0441111756018473e-72,0.20141701551127267,0.0020043986262450464,0.12022224712267915
prototype_direction_cosine_vs_acc_drop,prototype_direction_cosine,acc_drop,eegnet,correct_only,cosine,2418,0.2748236943678796,3.70467314020015e-43,0.2862625874130344,7.875123944846887e-47,0.18226640969954344,0.032276428044237554,0.07552806298600971
prototype_direction_cosine_vs_acc_drop,prototype_direction_cosine,acc_drop,fbcnet,correct_only,cosine,1920,0.06551778880427386,0.0040780268107013995,0.07705188222673043,0.0007273151460870042,0.03171234379374208,0.07658386792605504,0.004292580649801436
prototype_direction_cosine_vs_acc_drop,prototype_direction_cosine,acc_drop,ALL,correct_only,cosine,6577,0.24655510369496147,1.1437544432778928e-91,0.24537368082095953,8.782357627056257e-91,0.12906075532608163,0.05035160938395831,0.06078941915803311
prototype_direction_cosine_vs_acc_drop,prototype_direction_cosine,acc_drop,deepconvnet,correct_only,euclidean,2239,0.346730799212702,2.9297554875663314e-64,0.3678928789513399,1.0441111756018473e-72,0.20141701551127267,0.0020043986262450464,0.12022224712267915
prototype_direction_cosine_vs_acc_drop,prototype_direction_cosine,acc_drop,eegnet,correct_only,euclidean,2418,0.2748236943678796,3.70467314020015e-43,0.2862625874130344,7.875123944846887e-47,0.18226640969954344,0.032276428044237554,0.07552806298600971
prototype_direction_cosine_vs_acc_drop,prototype_direction_cosine,acc_drop,fbcnet,correct_only,euclidean,1920,0.06551778880427386,0.0040780268107013995,0.07705188222673043,0.0007273151460870042,0.03171234379374208,0.07658386792605504,0.004292580649801436
prototype_direction_cosine_vs_acc_drop,prototype_direction_cosine,acc_drop,ALL,correct_only,euclidean,6577,0.24655510369496147,1.1437544432778928e-91,0.24537368082095953,8.782357627056257e-91,0.12906075532608163,0.05035160938395831,0.06078941915803311
prototype_direction_cosine_vs_acc_drop,prototype_direction_cosine,acc_drop,deepconvnet,label_based,cosine,2500,0.044845136105466074,0.02494434954821161,0.07036958596195038,0.00042978464921313383,0.019350483330453205,0.10900623661181123,0.002011086232317776
prototype_direction_cosine_vs_acc_drop,prototype_direction_cosine,acc_drop,eegnet,label_based,cosine,2500,-0.007821812938905378,0.6958703882820563,0.023376744985737934,0.2426404744253618,-0.0045931079594373975,0.10784646266626148,6.118075765122775e-05
prototype_direction_cosine_vs_acc_drop,prototype_direction_cosine,acc_drop,fbcnet,label_based,cosine,2500,0.03217177557967823,0.10779125832021201,0.04399076619232373,0.02784217343636459,0.020021897775240764,0.09457443508936525,0.00103502314394918
prototype_direction_cosine_vs_acc_drop,prototype_direction_cosine,acc_drop,ALL,label_based,cosine,7500,0.032507333399777044,0.004870254074092951,0.04676866607430448,5.081917580967188e-05,0.016739982420544967,0.10317374823872283,0.0010567267247642597
prototype_direction_cosine_vs_acc_drop,prototype_direction_cosine,acc_drop,deepconvnet,label_based,euclidean,2500,0.044845136105466074,0.02494434954821161,0.07036958596195038,0.00042978464921313383,0.019350483330453205,0.10900623661181123,0.002011086232317776
prototype_direction_cosine_vs_acc_drop,prototype_direction_cosine,acc_drop,eegnet,label_based,euclidean,2500,-0.007821812938905378,0.6958703882820563,0.023376744985737934,0.2426404744253618,-0.0045931079594373975,0.10784646266626148,6.118075765122775e-05
prototype_direction_cosine_vs_acc_drop,prototype_direction_cosine,acc_drop,fbcnet,label_based,euclidean,2500,0.03217177557967823,0.10779125832021201,0.04399076619232373,0.02784217343636459,0.020021897775240764,0.09457443508936525,0.00103502314394918
prototype_direction_cosine_vs_acc_drop,prototype_direction_cosine,acc_drop,ALL,label_based,euclidean,7500,0.032507333399777044,0.004870254074092951,0.04676866607430448,5.081917580967188e-05,0.016739982420544967,0.10317374823872283,0.0010567267247642597
separation_change_vs_acc_drop,separation_change,acc_drop,deepconvnet,confidence_weighted,cosine,2500,0.44549841293067827,3.5493669103162326e-122,0.4066582062207928,3.4547005939303967e-100,0.2206106119889603,0.08702686837919515,0.19846883592375328
separation_change_vs_acc_drop,separation_change,acc_drop,eegnet,confidence_weighted,cosine,2500,0.4725406150556295,2.8720070144812002e-139,0.4472853976516399,2.9353996460044566e-123,0.17915456909536187,0.0335348899144336,0.2232946328771524
separation_change_vs_acc_drop,separation_change,acc_drop,fbcnet,confidence_weighted,cosine,2500,0.46546429499655007,1.2038931861672312e-134,0.4521919196692279,2.897438330698512e-126,0.7777705381408898,0.05028918337855626,0.21665700991663545
separation_change_vs_acc_drop,separation_change,acc_drop,ALL,confidence_weighted,cosine,7500,0.38337579034755914,3.567121230563714e-261,0.37003439825552226,4.3747321219003644e-242,0.17377717740050125,0.07112516948209259,0.14697699662461558
separation_change_vs_acc_drop,separation_change,acc_drop,deepconvnet,confidence_weighted,euclidean,2500,0.001273556218646151,0.9492521108202726,0.40617487913872496,6.225736703876774e-100,8.025843412053792e-07,0.11262395088935101,1.6219454420522716e-06
separation_change_vs_acc_drop,separation_change,acc_drop,eegnet,confidence_weighted,euclidean,2500,-0.06506294806872608,0.0011340452114906973,0.2134151420294949,3.839661792632539e-27,-3.1430903813738195e-05,0.10616500355529594,0.0042331872113937465
separation_change_vs_acc_drop,separation_change,acc_drop,fbcnet,confidence_weighted,euclidean,2500,0.09922143780998521,6.665625721694575e-07,0.17456128699557813,1.4786835620697173e-18,0.003280302373154266,0.08883182729669464,0.009844893721080772
separation_change_vs_acc_drop,separation_change,acc_drop,ALL,confidence_weighted,euclidean,7500,-0.032599510611037656,0.004750535219911213,0.266209928046519,7.264277176802688e-122,-2.1144862249767686e-05,0.10461109479919768,0.0010627280920791568
separation_change_vs_acc_drop,separation_change,acc_drop,deepconvnet,correct_only,cosine,2239,0.11782577108079789,2.2490626975401617e-08,0.06761220947313812,0.0013687723919836821,0.063458836057609,0.11609442864466386,0.013882912330784591
separation_change_vs_acc_drop,separation_change,acc_drop,eegnet,correct_only,cosine,2418,0.16047163583728757,2.049480930922523e-15,0.13319017959577578,4.8551859665523765e-11,0.06688701767656495,0.09159030246886396,0.025751145908295036
separation_change_vs_acc_drop,separation_change,acc_drop,fbcnet,correct_only,cosine,1920,0.04232336940067355,0.06371910670108397,0.11556351028161364,3.825116967014984e-07,0.023069023831462542,0.08561102913290419,0.0017912675974258707
separation_change_vs_acc_drop,separation_change,acc_drop,ALL,correct_only,cosine,6577,0.12494033991717221,2.6867275857586828e-24,0.11439845699601242,1.3227726373456749e-20,0.05575959225877374,0.09985325879503278,0.015610088538618533
separation_change_vs_acc_drop,separation_change,acc_drop,deepconvnet,correct_only,euclidean,2239,-0.012588444284113081,0.5516082868435783,0.025721387728806087,0.22375335638336832,-1.7883601315707014e-06,0.11717192669349291,0.00015846892949421948
separation_change_vs_acc_drop,separation_change,acc_drop,eegnet,correct_only,euclidean,2418,-0.0544219584305518,0.007435121744983394,-0.0917489647442312,6.2194802440138425e-06,-1.494088510695624e-05,0.10802354177557692,0.0029617495594167114
separation_change_vs_acc_drop,separation_change,acc_drop,fbcnet,correct_only,euclidean,1920,-0.09580788429259865,2.6104378556369936e-05,-0.13442275178208385,3.356688229280534e-09,-0.00047292755891013366,0.07648280405720001,0.009179150692623966
separation_change_vs_acc_drop,separation_change,acc_drop,ALL,correct_only,euclidean,6577,-0.02567270774242751,0.037345142096390144,-0.057137813762339534,3.5399849324850174e-06,-5.413333989435129e-06,0.10426437211425735,0.0006590879228280964
separation_change_vs_acc_drop,separation_change,acc_drop,deepconvnet,label_based,cosine,2500,0.4663858679078176,3.053116393186143e-135,0.4107597343217676,2.242619873863188e-102,0.2414663300757312,0.0889369068546514,0.21751577778412834
separation_change_vs_acc_drop,separation_change,acc_drop,eegnet,label_based,cosine,2500,0.48364199050861345,9.633235366313751e-147,0.4420413871139105,4.2265300290052145e-120,0.18827133828307183,0.03817080792828273,0.23390957498313392
separation_change_vs_acc_drop,separation_change,acc_drop,fbcnet,label_based,cosine,2500,0.47331021452452093,8.889458697439053e-140,0.45740997445492015,1.6256096234593497e-129,0.7981088614112002,0.05076376139429784,0.22402255917324798
separation_change_vs_acc_drop,separation_change,acc_drop,ALL,label_based,cosine,7500,0.40031057411526555,1.0068157910284282e-286,0.3762386247589785,7.512004748016822e-251,0.19017086734445557,0.07201788348009933,0.16024855574849337
separation_change_vs_acc_drop,separation_change,acc_drop,deepconvnet,label_based,euclidean,2500,-0.002332250237922077,0.9072132139178717,0.4135658918790873,6.859327062918975e-104,-1.5736594516056131e-06,0.11256852225818444,5.439391172287662e-06
separation_change_vs_acc_drop,separation_change,acc_drop,eegnet,label_based,euclidean,2500,-0.06821547947143566,0.0006424150950593801,0.21790368198939672,2.978694059546554e-28,-3.461251718269398e-05,0.10620970933261795,0.0046533516395178606
separation_change_vs_acc_drop,separation_change,acc_drop,fbcnet,label_based,euclidean,2500,0.13573151332234695,9.4434363877893e-12,0.2057198767150081,2.690926540857636e-25,0.0051242463692559815,0.08708951858289808,0.018423043708774456
separation_change_vs_acc_drop,separation_change,acc_drop,ALL,label_based,euclidean,7500,-0.0351330029091219,0.0023420155893029695,0.2801280368307494,2.8801722798513514e-135,-2.4105311886267213e-05,0.1046213638460219,0.0012343278934123663
target_negative_margin_rate_vs_acc_drop,target_negative_margin_rate,acc_drop,deepconvnet,confidence_weighted,cosine,2500,0.06698218058716697,0.0008046274095612821,0.021567459384820714,0.2810520381807237,0.11174848199581211,0.061024206738132365,0.004486612516211838
target_negative_margin_rate_vs_acc_drop,target_negative_margin_rate,acc_drop,eegnet,confidence_weighted,cosine,2500,0.08062092473147872,5.446281414961269e-05,0.029336000144934635,0.1425442416676186,0.1333198745169145,0.04562370991582997,0.00649973350455875
target_negative_margin_rate_vs_acc_drop,target_negative_margin_rate,acc_drop,fbcnet,confidence_weighted,cosine,2500,0.0550758730391437,0.005878059546011434,0.021699926186361237,0.27810710248989406,0.2261531254002354,-0.016461318881607803,0.003033351791023873
target_negative_margin_rate_vs_acc_drop,target_negative_margin_rate,acc_drop,ALL,confidence_weighted,cosine,7500,0.05871317902028596,3.613779921602512e-07,0.018364661990623005,0.11176823706805454,0.11158977277051406,0.05229389062410771,0.003447237390668153
target_negative_margin_rate_vs_acc_drop,target_negative_margin_rate,acc_drop,deepconvnet,confidence_weighted,euclidean,2500,0.05746885707688586,0.0040481970810546854,0.007153297555823983,0.7207245788035428,0.09719771788396316,0.06764361515926445,0.0033026695337235335
target_negative_margin_rate_vs_acc_drop,target_negative_margin_rate,acc_drop,eegnet,confidence_weighted,euclidean,2500,0.07122448528991873,0.0003652876670275552,0.012035227964756652,0.5475188435598464,0.12237037573521009,0.05046686874541941,0.005072927304813842
target_negative_margin_rate_vs_acc_drop,target_negative_margin_rate,acc_drop,fbcnet,confidence_weighted,euclidean,2500,-0.013311924015121912,0.5058632333917914,-0.017073264978262094,0.3934937862667539,-0.07299558554699541,0.13150313174478342,0.00017720732098437943
target_negative_margin_rate_vs_acc_drop,target_negative_margin_rate,acc_drop,ALL,confidence_weighted,euclidean,7500,0.04153346782630922,0.00032085030874017044,-0.0038643313356758087,0.7379220325747875,0.0819043953858459,0.06615310207642505,0.0017250289496790626
target_negative_margin_rate_vs_acc_drop,target_negative_margin_rate,acc_drop,deepconvnet,correct_only,cosine,2239,0.08250204980551623,9.293936196379734e-05,0.027124104058577583,0.1994992081974103,0.13578436160164598,0.054910585013126414,0.006806588222111892
target_negative_margin_rate_vs_acc_drop,target_negative_margin_rate,acc_drop,eegnet,correct_only,cosine,2418,0.09645527372166703,2.017725692444455e-06,0.04632457910720221,0.022728296488588606,0.15828549388676427,0.03562756506954731,0.00930361982872171
target_negative_margin_rate_vs_acc_drop,target_negative_margin_rate,acc_drop,fbcnet,correct_only,cosine,1920,0.054704114898096026,0.016518725382863697,0.019072666561685183,0.40357465823215755,0.2034493986208219,-0.015971481645431898,0.00299254018678409
target_negative_margin_rate_vs_acc_drop,target_negative_margin_rate,acc_drop,ALL,correct_only,cosine,6577,0.06746261887474414,4.3423637344204146e-08,0.022192577767621298,0.07191294147258896,0.12279930232800598,0.04677797196489161,0.004551204945438983
target_negative_margin_rate_vs_acc_drop,target_negative_margin_rate,acc_drop,deepconvnet,correct_only,euclidean,2239,0.07760438823661134,0.00023730646567834244,0.0248337100408703,0.24015148731614927,0.1295552853095964,0.057784595170043175,0.006022441073578698
target_negative_margin_rate_vs_acc_drop,target_negative_margin_rate,acc_drop,eegnet,correct_only,euclidean,2418,0.08683527685996933,1.9042156630391205e-05,0.02708105112853784,0.18311777977257487,0.1481995046389281,0.04006029643248386,0.007540365307347526
target_negative_margin_rate_vs_acc_drop,target_negative_margin_rate,acc_drop,fbcnet,correct_only,euclidean,1920,-0.024248366142318175,0.2882473238199451,-0.01800079444392175,0.4305180346234302,-0.12021009962530511,0.1438929125612125,0.0005879832605719217
target_negative_margin_rate_vs_acc_drop,target_negative_margin_rate,acc_drop,ALL,correct_only,euclidean,6577,0.05094563285277014,3.5724340980743206e-05,0.002725121465078718,0.8251218453001631,0.09612031907697675,0.05915601681113505,0.0025954575067692514
target_negative_margin_rate_vs_acc_drop,target_negative_margin_rate,acc_drop,deepconvnet,label_based,cosine,2500,0.07150137556241422,0.00034641794209966533,0.022071295142364836,0.2699632381242312,0.11902892708914364,0.05773385164175577,0.005112446707317405
target_negative_margin_rate_vs_acc_drop,target_negative_margin_rate,acc_drop,eegnet,label_based,cosine,2500,0.08396546801514158,2.62704899431743e-05,0.03645667306875814,0.06837493079765469,0.1386080992588864,0.04314273005324833,0.007050199819001762
target_negative_margin_rate_vs_acc_drop,target_negative_margin_rate,acc_drop,fbcnet,label_based,cosine,2500,0.06956540133670286,0.0005000161237202457,0.033928059403146096,0.08987776767557637,0.28594522373163883,-0.04587748671910952,0.004839345063136538
target_negative_margin_rate_vs_acc_drop,target_negative_margin_rate,acc_drop,ALL,label_based,cosine,7500,0.06387282080090653,3.089635234589778e-08,0.02502062671179731,0.030247982480864015,0.12121072836177915,0.04777527873171548,0.00407973723706472
target_negative_margin_rate_vs_acc_drop,target_negative_margin_rate,acc_drop,deepconvnet,label_based,euclidean,2500,0.06526292047520971,0.00109465959802917,0.020036149808917943,0.31663008628593664,0.11001445665339447,0.06178945805087634,0.004259248788953547
target_negative_margin_rate_vs_acc_drop,target_negative_margin_rate,acc_drop,eegnet,label_based,euclidean,2500,0.07419486710700252,0.00020481173137426923,0.017349948268889442,0.38587142647118977,0.1270323104404846,0.04832329878737288,0.0055048783050257516
target_negative_margin_rate_vs_acc_drop,target_negative_margin_rate,acc_drop,fbcnet,label_based,euclidean,2500,-0.0073862001769606864,0.7120305707257304,-0.0018621875911893587,0.9258535950950442,-0.041119887061584696,0.11563346034372576,5.4555953054133526e-05
target_negative_margin_rate_vs_acc_drop,target_negative_margin_rate,acc_drop,ALL,label_based,euclidean,7500,0.046494453917963856,5.624258736607692e-05,0.007030130062922814,0.542701320255438,0.09145678735218865,0.06165797585360102,0.0021617342451296672
target_margin_mean_vs_acc_drop,target_margin_mean,acc_drop,deepconvnet,confidence_weighted,cosine,2500,0.04586361868319082,0.021834145255351448,0.08509753329509367,2.0398969722989903e-05,0.06012184996163234,0.110407822401296,0.00210347151871713
target_margin_mean_vs_acc_drop,target_margin_mean,acc_drop,eegnet,confidence_weighted,cosine,2500,-0.007420932231441585,0.7107372271216716,0.016936560967523932,0.3972932540131626,-0.0103399624282039,0.10774903575554051,5.5070235183648706e-05
target_margin_mean_vs_acc_drop,target_margin_mean,acc_drop,fbcnet,confidence_weighted,cosine,2500,0.14548377700072956,2.681962619616867e-13,0.06961736928764098,0.0004951724975377847,5.568291751651366,0.0915385152308502,0.021165529370398
target_margin_mean_vs_acc_drop,target_margin_mean,acc_drop,ALL,confidence_weighted,cosine,7500,0.024931344240492422,0.030842918624862155,0.042359380681011215,0.0002430581828615675,0.03988581886665636,0.10397976363045562,0.0006215719256379347
target_margin_mean_vs_acc_drop,target_margin_mean,acc_drop,deepconvnet,confidence_weighted,euclidean,2500,0.04949179391271452,0.013328514404746927,0.10387135463633923,1.9393923158553335e-07,0.002475533320082592,0.11051411684896018,0.0024494376646986083
target_margin_mean_vs_acc_drop,target_margin_mean,acc_drop,eegnet,confidence_weighted,euclidean,2500,0.04569142506752581,0.02233500904788978,0.07399126813444151,0.00021324188653091617,0.007101751117383267,0.10517651597047224,0.0020877063247013274
target_margin_mean_vs_acc_drop,target_margin_mean,acc_drop,fbcnet,confidence_weighted,euclidean,2500,0.03246016622575138,0.10466976604113283,0.031030030290076997,0.12087794248043096,0.030948796990670494,0.09480099875676562,0.0010536623914034102
target_margin_mean_vs_acc_drop,target_margin_mean,acc_drop,ALL,confidence_weighted,euclidean,7500,0.043136609480373435,0.00018633511075544075,0.07050458040728523,9.810365518207284e-10,0.0034906342285460725,0.10369284581728307,0.0018607670774622427
target_margin_mean_vs_acc_drop,target_margin_mean,acc_drop,deepconvnet,correct_only,cosine,2239,0.021207606438320613,0.3158340930147211,0.06324518564810472,0.0027537603529174492,0.02634636146299941,0.1161519261716016,0.0004497625708426982
target_margin_mean_vs_acc_drop,target_margin_mean,acc_drop,eegnet,correct_only,cosine,2418,-0.03713336724545421,0.06790291119980466,-0.01454006854613736,0.4748258103898516,-0.04996901713624535,0.11095843012459293,0.0013788869629857688
target_margin_mean_vs_acc_drop,target_margin_mean,acc_drop,fbcnet,correct_only,cosine,1920,0.03605755632422988,0.11423342126563855,0.027642723980630463,0.22601576586575395,0.6446079873262743,0.08387380543633416,0.0013001473680750106
target_margin_mean_vs_acc_drop,target_margin_mean,acc_drop,ALL,correct_only,cosine,6577,0.007367276961873377,0.5502596008351677,0.021798476215487226,0.077110701125813,0.010864237650674454,0.10413690282373705,5.4276769832950534e-05
target_margin_mean_vs_acc_drop,target_margin_mean,acc_drop,deepconvnet,correct_only,euclidean,2239,0.031174350424733724,0.1403080557486723,0.08662407416402526,4.055200231936329e-05,0.001483811281900177,0.11582666243423383,0.000971840124404097
target_margin_mean_vs_acc_drop,target_margin_mean,acc_drop,eegnet,correct_only,euclidean,2418,0.032891912685104926,0.10587815648952303,0.04554338095292586,0.025122351489069036,0.00503670247942922,0.10711765015619631,0.0010818779200845673
target_margin_mean_vs_acc_drop,target_margin_mean,acc_drop,fbcnet,correct_only,euclidean,1920,0.002368842869459732,0.9173835845749588,0.017502954879458757,0.4433786678182329,0.0009718262410280591,0.08421799284545362,5.611416540190285e-06
target_margin_mean_vs_acc_drop,target_margin_mean,acc_drop,ALL,correct_only,euclidean,6577,0.036822093442795564,0.002820346283639402,0.05813806508790735,2.381553225477911e-06,0.002763748536082654,0.10323343211897631,0.0013558665655099666
target_margin_mean_vs_acc_drop,target_margin_mean,acc_drop,deepconvnet,label_based,cosine,2500,0.04890712589326314,0.014461261647004814,0.09059324735384053,5.713369142851395e-06,0.06467469383037494,0.11031275779507865,0.0023919069631394914
target_margin_mean_vs_acc_drop,target_margin_mean,acc_drop,eegnet,label_based,cosine,2500,-0.003820172517571172,0.848593131210392,0.017559972340995655,0.38014607435692127,-0.005378964202190279,0.107532513574346,1.4593718064006134e-05
target_margin_mean_vs_acc_drop,target_margin_mean,acc_drop,fbcnet,label_based,cosine,2500,0.15528618787696144,5.81798589862462e-15,0.0780788596690298,9.307970682235844e-05,6.143823887033325,0.09121196572283724,0.024113800145358966
target_margin_mean_vs_acc_drop,target_margin_mean,acc_drop,ALL,label_based,cosine,7500,0.027610675074599713,0.016792858246534738,0.04472359494381155,0.00010685703196076278,0.04462407455825577,0.10388582312416313,0.0007623493780751215
target_margin_mean_vs_acc_drop,target_margin_mean,acc_drop,deepconvnet,label_based,euclidean,2500,0.050737986596642956,0.011172240633458605,0.11018648345319772,3.325126271355947e-08,0.0025551385349381543,0.1105037908635202,0.002574343283881121
target_margin_mean_vs_acc_drop,target_margin_mean,acc_drop,eegnet,label_based,euclidean,2500,0.047898869036582116,0.016614906019518337,0.0754530717882054,0.00015927076346080788,0.007519317532478929,0.10513241907909239,0.0022943016549836397
target_margin_mean_vs_acc_drop,target_margin_mean,acc_drop,fbcnet,label_based,euclidean,2500,0.03590640857397635,0.07265348335092899,0.037899871607699344,0.05812863577787123,0.038121928061256145,0.09472353282338013,0.0012892701766813236
target_margin_mean_vs_acc_drop,target_margin_mean,acc_drop,ALL,label_based,euclidean,7500,0.044089697087689624,0.00013372213389800037,0.0753261312246528,6.505874313329175e-11,0.003595871178055076,0.10369239192929547,0.0019439013892842275
fisher_change_vs_acc_drop,fisher_change,acc_drop,deepconvnet,confidence_weighted,cosine,2500,0.3926926457065557,5.762545483632387e-93,0.5471915713959823,2.7690973739925322e-195,0.01154644920487848,0.09463186893803359,0.15420751399201452
fisher_change_vs_acc_drop,fisher_change,acc_drop,eegnet,confidence_weighted,cosine,2500,0.40437430914269284,5.537945274765333e-99,0.5222463687913426,5.423170384063962e-175,0.016756346696870525,0.08876804713666744,0.16351858189462995
fisher_change_vs_acc_drop,fisher_change,acc_drop,fbcnet,confidence_weighted,cosine,2500,0.3185500186136009,4.5510208814183844e-60,0.2545583599447606,2.848283796844049e-38,0.024880426417234668,0.0778916191677746,0.1014741143587254
fisher_change_vs_acc_drop,fisher_change,acc_drop,ALL,confidence_weighted,cosine,7500,0.3645085154271363,1.9352131539277813e-234,0.4396814238102443,0.0,0.01431827462130181,0.08900842034010456,0.13286645781889478
fisher_change_vs_acc_drop,fisher_change,acc_drop,deepconvnet,confidence_weighted,euclidean,2500,0.3926926457065557,5.762545483632387e-93,0.5471915713959823,2.7690973739925322e-195,0.01154644920487848,0.09463186893803359,0.15420751399201452
fisher_change_vs_acc_drop,fisher_change,acc_drop,eegnet,confidence_weighted,euclidean,2500,0.40437430914269284,5.537945274765333e-99,0.5222463687913426,5.423170384063962e-175,0.016756346696870525,0.08876804713666744,0.16351858189462995
fisher_change_vs_acc_drop,fisher_change,acc_drop,fbcnet,confidence_weighted,euclidean,2500,0.3185500186136009,4.5510208814183844e-60,0.2545583599447606,2.848283796844049e-38,0.024880426417234668,0.0778916191677746,0.1014741143587254
fisher_change_vs_acc_drop,fisher_change,acc_drop,ALL,confidence_weighted,euclidean,7500,0.3645085154271363,1.9352131539277813e-234,0.4396814238102443,0.0,0.01431827462130181,0.08900842034010456,0.13286645781889478
fisher_change_vs_acc_drop,fisher_change,acc_drop,deepconvnet,correct_only,cosine,2239,0.39211310786887815,3.4539639585693695e-83,0.6009890302639862,5.724857162102024e-220,0.011393846449541861,0.09552862408868061,0.1537526893625905
fisher_change_vs_acc_drop,fisher_change,acc_drop,eegnet,correct_only,cosine,2418,0.45265009604973994,1.8559845552373457e-122,0.625928326272347,3.576494184683387e-263,0.019094518492851882,0.08123095643865912,0.2048921094538389
fisher_change_vs_acc_drop,fisher_change,acc_drop,fbcnet,correct_only,cosine,1920,0.27885646860760116,1.251320507415939e-35,0.3004145643522195,2.4391896974360913e-41,0.020957941608251776,0.06152408686036445,0.07776093008430206
fisher_change_vs_acc_drop,fisher_change,acc_drop,ALL,correct_only,cosine,6577,0.38384933610715966,6.817852210159064e-230,0.5199349396609707,0.0,0.014691919354654035,0.0825146624309275,0.14734031282990714
fisher_change_vs_acc_drop,fisher_change,acc_drop,deepconvnet,correct_only,euclidean,2239,0.39211310786887815,3.4539639585693695e-83,0.6009890302639862,5.724857162102024e-220,0.011393846449541861,0.09552862408868061,0.1537526893625905
fisher_change_vs_acc_drop,fisher_change,acc_drop,eegnet,correct_only,euclidean,2418,0.45265009604973994,1.8559845552373457e-122,0.625928326272347,3.576494184683387e-263,0.019094518492851882,0.08123095643865912,0.2048921094538389
fisher_change_vs_acc_drop,fisher_change,acc_drop,fbcnet,correct_only,euclidean,1920,0.27885646860760116,1.251320507415939e-35,0.3004145643522195,2.4391896974360913e-41,0.020957941608251776,0.06152408686036445,0.07776093008430206
fisher_change_vs_acc_drop,fisher_change,acc_drop,ALL,correct_only,euclidean,6577,0.38384933610715966,6.817852210159064e-230,0.5199349396609707,0.0,0.014691919354654035,0.0825146624309275,0.14734031282990714
fisher_change_vs_acc_drop,fisher_change,acc_drop,deepconvnet,label_based,cosine,2500,0.39391932934643337,1.380628435345328e-93,0.5500550315664551,1.004463637659928e-197,0.011599812690744216,0.09416049166465187,0.15517243803274383
fisher_change_vs_acc_drop,fisher_change,acc_drop,eegnet,label_based,cosine,2500,0.4068939771031799,2.591105451005487e-100,0.5311877431028436,4.525182448122692e-182,0.01685797390894176,0.08793063061644256,0.1655627086028431
fisher_change_vs_acc_drop,fisher_change,acc_drop,fbcnet,label_based,cosine,2500,0.2830105043457563,2.9129860640085975e-47,0.22603339103454648,2.5071949028625285e-30,0.020735350043533104,0.07904402330760965,0.08009494557003932
fisher_change_vs_acc_drop,fisher_change,acc_drop,ALL,label_based,cosine,7500,0.3613461963496446,3.9330592904817357e-230,0.4326321702770907,0.0,0.014136451535137293,0.08845798154230161,0.13057107361635575
fisher_change_vs_acc_drop,fisher_change,acc_drop,deepconvnet,label_based,euclidean,2500,0.39391932934643337,1.380628435345328e-93,0.5500550315664551,1.004463637659928e-197,0.011599812690744216,0.09416049166465187,0.15517243803274383
fisher_change_vs_acc_drop,fisher_change,acc_drop,eegnet,label_based,euclidean,2500,0.4068939771031799,2.591105451005487e-100,0.5311877431028436,4.525182448122692e-182,0.01685797390894176,0.08793063061644256,0.1655627086028431
fisher_change_vs_acc_drop,fisher_change,acc_drop,fbcnet,label_based,euclidean,2500,0.2830105043457563,2.9129860640085975e-47,0.22603339103454648,2.5071949028625285e-30,0.020735350043533104,0.07904402330760965,0.08009494557003932
fisher_change_vs_acc_drop,fisher_change,acc_drop,ALL,label_based,euclidean,7500,0.3613461963496446,3.9330592904817357e-230,0.4326321702770907,0.0,0.014136451535137293,0.08845798154230161,0.13057107361635575
