model,subject,session,mean_acc,std_acc,mean_bacc,mean_f1,mean_auc
deepconvnet,sub-001,ses-01,0.679,0.026786190471957717,0.679,0.67167198,0.7386
deepconvnet,sub-001,ses-02,0.907,0.023345235059857496,0.907,0.90547116,0.9662000000000001
deepconvnet,sub-001,ses-03,0.8869999999999999,0.011510864433221359,0.8869999999999999,0.88526428,0.9560000000000001
deepconvnet,sub-002,ses-01,0.594,0.016733200530681475,0.594,0.5826065,0.6282
deepconvnet,sub-002,ses-02,0.548,0.02683281572999747,0.548,0.51772162,0.5923999999999999
deepconvnet,sub-002,ses-03,0.6910000000000001,0.011401754250991354,0.6910000000000001,0.68567544,0.756
deepconvnet,sub-003,ses-01,0.8300000000000001,0.04782781617427248,0.8300000000000001,0.8249387800000001,0.8888
deepconvnet,sub-003,ses-02,0.8030000000000002,0.021679483388678766,0.8030000000000002,0.79836924,0.8997999999999999
deepconvnet,sub-003,ses-03,0.8470000000000001,0.013038404810405373,0.8470000000000001,0.8438318,0.9081999999999999
deepconvnet,sub-004,ses-01,0.47000000000000003,0.03657184709581949,0.47000000000000003,0.4405886,0.47539999999999993
deepconvnet,sub-004,ses-02,0.5050000000000001,0.028062430400804545,0.5050000000000001,0.48504944000000005,0.5276
deepconvnet,sub-004,ses-03,0.5269999999999999,0.006708203932499338,0.5269999999999999,0.50121768,0.5468
deepconvnet,sub-005,ses-01,0.86,0.019039432764659796,0.86,0.85835302,0.9311999999999999
deepconvnet,sub-005,ses-02,0.773,0.023075961518428674,0.773,0.76995854,0.8502000000000001
deepconvnet,sub-005,ses-03,0.5589999999999999,0.037815340802378035,0.5589999999999999,0.54084306,0.5912
deepconvnet,sub-006,ses-01,0.8699999999999999,0.01172603939955859,0.8699999999999999,0.8687867600000001,0.9414
deepconvnet,sub-006,ses-02,0.951,0.00961769203083566,0.951,0.95083052,0.9879999999999999
deepconvnet,sub-006,ses-03,0.9640000000000001,0.011401754250991379,0.9640000000000001,0.9638591999999999,0.991
deepconvnet,sub-007,ses-01,0.603,0.01524795068197691,0.603,0.59148584,0.6365999999999999
deepconvnet,sub-007,ses-02,0.806,0.019811612756158916,0.806,0.8044824800000001,0.8812
deepconvnet,sub-007,ses-03,0.865,0.016955824957813167,0.865,0.8635671800000001,0.9212
deepconvnet,sub-008,ses-01,0.608,0.019235384061671357,0.608,0.59584358,0.6616
deepconvnet,sub-008,ses-02,0.79,0.037583240945932274,0.79,0.7877591,0.884
deepconvnet,sub-008,ses-03,0.89,0.01695582495781316,0.89,0.88946804,0.9342
deepconvnet,sub-009,ses-01,0.708,0.03456877203488719,0.708,0.70060322,0.7678
deepconvnet,sub-009,ses-02,0.6559999999999999,0.0449165893629514,0.6559999999999999,0.64280488,0.7118
deepconvnet,sub-009,ses-03,0.536,0.013416407864998758,0.536,0.5150705600000001,0.5606
deepconvnet,sub-010,ses-01,0.65,0.016955824957813167,0.65,0.63765202,0.7186
deepconvnet,sub-010,ses-02,0.869,0.011937336386313278,0.869,0.86755008,0.9526
deepconvnet,sub-010,ses-03,0.636,0.03416869912653983,0.636,0.6248259,0.7013999999999999
deepconvnet,sub-011,ses-01,0.933,0.0075828754440514946,0.933,0.93232286,0.9789999999999999
deepconvnet,sub-011,ses-02,0.747,0.021679483388678804,0.747,0.7368406200000001,0.7974
deepconvnet,sub-011,ses-03,0.975,0.0035355339059327897,0.975,0.9749425,0.9912000000000001
deepconvnet,sub-012,ses-01,0.493,0.025884358211089604,0.493,0.45565122,0.47640000000000005
deepconvnet,sub-012,ses-02,0.44000000000000006,0.012747548783981957,0.44000000000000006,0.4139591,0.418
deepconvnet,sub-012,ses-03,0.562,0.017888543819998295,0.562,0.55027764,0.593
deepconvnet,sub-013,ses-01,0.717,0.038013155617496394,0.717,0.7090075,0.7865
deepconvnet,sub-013,ses-02,0.8200000000000001,0.022638462845343568,0.8200000000000001,0.8175670199999999,0.9144
deepconvnet,sub-013,ses-03,0.771,0.013874436925511624,0.771,0.7676519799999999,0.861
deepconvnet,sub-014,ses-01,0.517,0.016046806535881204,0.517,0.49817168,0.5276
deepconvnet,sub-014,ses-02,0.5,0.01903943276465979,0.5,0.47176524,0.4968
deepconvnet,sub-014,ses-03,0.49800000000000005,0.029916550603303255,0.49800000000000005,0.46991444,0.5052000000000001
deepconvnet,sub-015,ses-01,0.674,0.008215838362577502,0.674,0.66390476,0.7310000000000001
deepconvnet,sub-015,ses-02,0.6759999999999999,0.020736441353327695,0.6759999999999999,0.66695956,0.7258
deepconvnet,sub-015,ses-03,0.5599999999999999,0.049117206760971234,0.5599999999999999,0.5197947199999999,0.5826
deepconvnet,sub-016,ses-01,0.7020000000000001,0.017888543819998277,0.7020000000000001,0.69558792,0.7586
deepconvnet,sub-016,ses-02,0.587,0.017535677916750186,0.587,0.57228214,0.6346
deepconvnet,sub-016,ses-03,0.519,0.02103568396796267,0.519,0.49287961999999996,0.5332
deepconvnet,sub-017,ses-01,0.6980000000000001,0.021679483388678773,0.6980000000000001,0.69314304,0.7817999999999999
deepconvnet,sub-017,ses-02,0.7150000000000001,0.016955824957813188,0.7150000000000001,0.70862068,0.8092
deepconvnet,sub-017,ses-03,0.805,0.023184046238739237,0.805,0.80273558,0.8716000000000002
deepconvnet,sub-018,ses-01,0.686,0.02837252191822225,0.686,0.68008734,0.7638
deepconvnet,sub-018,ses-02,0.638,0.025149552679918606,0.638,0.6268298999999999,0.6964
deepconvnet,sub-018,ses-03,0.5439999999999999,0.023822258499143198,0.5439999999999999,0.5243256199999999,0.5731999999999999
deepconvnet,sub-019,ses-01,0.534,0.03070016286601751,0.534,0.50780242,0.5609999999999999
deepconvnet,sub-019,ses-02,0.705,0.006123724356957991,0.705,0.69861238,0.7688
deepconvnet,sub-019,ses-03,0.885,0.018371173070873822,0.885,0.8832857000000001,0.9406000000000001
deepconvnet,sub-020,ses-01,0.937,0.01604680653588122,0.937,0.9365116200000001,0.9822000000000001
deepconvnet,sub-020,ses-02,0.9399999999999998,0.01767766952966365,0.9399999999999998,0.9396454200000001,0.9853999999999999
deepconvnet,sub-020,ses-03,0.951,0.005477225575051648,0.951,0.9508516200000001,0.9880000000000001
deepconvnet,sub-021,ses-01,0.621,0.05067050424063291,0.621,0.59959026,0.726
deepconvnet,sub-021,ses-02,0.709,0.009617692030835668,0.709,0.70276272,0.8039999999999999
deepconvnet,sub-021,ses-03,0.774,0.026315394733881555,0.774,0.76546446,0.8784000000000001
deepconvnet,sub-022,ses-01,0.735,0.035881750236018244,0.735,0.7271737,0.792
deepconvnet,sub-022,ses-02,0.722,0.03365263734092768,0.722,0.71613562,0.7664
deepconvnet,sub-022,ses-03,0.6880000000000001,0.038340579025361636,0.6880000000000001,0.6816177,0.7514000000000001
deepconvnet,sub-023,ses-02,0.8019999999999999,0.04508325631539931,0.8019999999999999,0.7978455799999999,0.8794000000000001
deepconvnet,sub-023,ses-03,0.8949999999999999,0.028062430400804604,0.8949999999999999,0.89438076,0.9370999999999998
deepconvnet,sub-024,ses-01,0.9380000000000001,0.007582875444051525,0.9380000000000001,0.9376352600000001,0.9892
deepconvnet,sub-025,ses-01,0.897,0.018907670401189014,0.897,0.8960215999999999,0.9456
deepconvnet,sub-025,ses-02,0.925,0.012247448713915927,0.925,0.92429786,0.9722
deepconvnet,sub-025,ses-03,0.8400000000000001,0.019999999999999973,0.8400000000000001,0.83854094,0.9116
deepconvnet,sub-026,ses-02,0.8629999999999999,0.0246475150877325,0.8629999999999999,0.85920668,0.9488
deepconvnet,sub-026,ses-03,0.9389999999999998,0.01140175425099129,0.9389999999999998,0.93834562,0.9872
deepconvnet,sub-027,ses-01,0.817,0.025396850198400562,0.817,0.81130104,0.8878
deepconvnet,sub-027,ses-02,0.6689999999999999,0.020432816741702595,0.6689999999999999,0.659211,0.6986
deepconvnet,sub-027,ses-03,0.868,0.03232645975048923,0.868,0.8650640199999999,0.9414
deepconvnet,sub-028,ses-01,0.868,0.02018662923818632,0.868,0.86640534,0.9346
deepconvnet,sub-028,ses-02,0.721,0.0379802580296659,0.721,0.71057302,0.8046
deepconvnet,sub-028,ses-03,0.6980000000000001,0.06230971031869751,0.6980000000000001,0.69198898,0.7586
deepconvnet,sub-029,ses-01,0.917,0.023611437906235218,0.917,0.9159632,0.9726000000000001
deepconvnet,sub-029,ses-02,0.9279999999999999,0.01350925608610631,0.9279999999999999,0.9275173000000001,0.9768000000000001
deepconvnet,sub-029,ses-03,0.9560000000000001,0.009617692030835666,0.9560000000000001,0.9556041799999999,0.9842000000000001
deepconvnet,sub-030,ses-01,0.6439999999999999,0.08784930278607797,0.6439999999999999,0.5440176,0.9793000000000001
deepconvnet,sub-030,ses-02,0.873,0.01857417562100676,0.873,0.8712326000000001,0.9484
deepconvnet,sub-030,ses-03,0.837,0.01303840481040534,0.837,0.83275606,0.9438000000000001
deepconvnet,sub-031,ses-01,0.79,0.012747548783981908,0.79,0.7857321,0.8698
deepconvnet,sub-031,ses-02,0.745,0.014577379737113249,0.745,0.7355218800000001,0.8695999999999999
deepconvnet,sub-031,ses-03,0.793,0.015247950681976931,0.793,0.7878444200000001,0.875
deepconvnet,sub-032,ses-01,0.597,0.013509256086106342,0.597,0.58413842,0.6346
deepconvnet,sub-032,ses-03,0.8089999999999999,0.025347583711273176,0.8089999999999999,0.80625854,0.865
deepconvnet,sub-033,ses-01,0.835,0.012747548783981948,0.835,0.8321716,0.9254
deepconvnet,sub-033,ses-02,0.8559999999999999,0.015572411502397417,0.8559999999999999,0.85392858,0.9306000000000001
deepconvnet,sub-033,ses-03,0.898,0.025641762809916098,0.898,0.89700764,0.9624
deepconvnet,sub-034,ses-01,0.6900000000000001,0.03500000000000002,0.6900000000000001,0.68072174,0.7744
deepconvnet,sub-034,ses-02,0.892,0.010954451150103291,0.892,0.8908771200000001,0.9526
deepconvnet,sub-034,ses-03,0.9029999999999999,0.012041594578792263,0.9029999999999999,0.9022287600000001,0.9625999999999999
deepconvnet,sub-035,ses-01,0.976,0.010839741694339421,0.976,0.97592478,0.9986
deepconvnet,sub-035,ses-02,0.976,0.005477225575051651,0.976,0.9759146000000001,0.9962
deepconvnet,sub-035,ses-03,0.908,0.028195744359743397,0.908,0.9066915999999999,0.9551999999999999
deepconvnet,sub-036,ses-01,0.8550000000000001,0.012747548783981976,0.8550000000000001,0.8536908000000001,0.9132
deepconvnet,sub-036,ses-02,0.942,0.014832396974191347,0.942,0.9415728800000001,0.9869999999999999
deepconvnet,sub-036,ses-03,0.969,0.005477225575051621,0.969,0.9689273,0.9888
deepconvnet,sub-037,ses-01,0.9029999999999999,0.01483239697419124,0.9029999999999999,0.90080188,0.9625999999999999
deepconvnet,sub-037,ses-02,0.891,0.02162174831043967,0.891,0.8892810600000001,0.9596
deepconvnet,sub-037,ses-03,0.892,0.016431676725154963,0.892,0.8907189200000001,0.9460000000000001
deepconvnet,sub-038,ses-01,0.516,0.0311046620299916,0.516,0.48711898,0.5168
deepconvnet,sub-038,ses-02,0.703,0.007582875444051522,0.703,0.6941241,0.7922
deepconvnet,sub-038,ses-03,0.884,0.019170289512680867,0.884,0.8821521600000001,0.9606
deepconvnet,sub-039,ses-01,0.6849999999999999,0.014577379737113238,0.6849999999999999,0.67725004,0.7516
deepconvnet,sub-039,ses-02,0.8109999999999999,0.010839741694339376,0.8109999999999999,0.80833514,0.9
deepconvnet,sub-039,ses-03,0.704,0.01673320053068153,0.704,0.6975369,0.7632
deepconvnet,sub-040,ses-01,0.644,0.02103568396796272,0.644,0.63268054,0.7176
deepconvnet,sub-040,ses-02,0.595,0.020310096011589947,0.595,0.58267486,0.6306
deepconvnet,sub-040,ses-03,0.704,0.023021728866442655,0.704,0.6979452399999999,0.795
deepconvnet,sub-041,ses-01,0.835,0.02524876234590519,0.835,0.8313862399999999,0.9052
deepconvnet,sub-041,ses-02,0.8019999999999999,0.04236744032862974,0.8019999999999999,0.79779394,0.8968
deepconvnet,sub-041,ses-03,0.8540000000000001,0.02408318915758461,0.8540000000000001,0.8518763999999999,0.9386000000000001
deepconvnet,sub-042,ses-01,0.734,0.030290262461721944,0.734,0.7310484199999999,0.7764
deepconvnet,sub-042,ses-02,0.64,0.038405728739343024,0.64,0.6291899400000001,0.6988
deepconvnet,sub-042,ses-03,0.5890000000000001,0.0320936130717624,0.5890000000000001,0.5753092599999999,0.621
deepconvnet,sub-043,ses-01,0.9630000000000001,0.005700877125495645,0.9630000000000001,0.9628869,0.9944000000000001
deepconvnet,sub-043,ses-02,0.9560000000000001,0.014317821063276363,0.9560000000000001,0.9558179800000002,0.9914
deepconvnet,sub-043,ses-03,0.9269999999999999,0.0075828754440515475,0.9269999999999999,0.92642658,0.9682000000000001
deepconvnet,sub-044,ses-01,0.572,0.027064737205448695,0.572,0.5556561799999999,0.61
deepconvnet,sub-044,ses-02,0.671,0.0480104155366312,0.671,0.66105232,0.7392000000000001
deepconvnet,sub-044,ses-03,0.7150000000000001,0.036228441865473596,0.7150000000000001,0.70423854,0.8032
deepconvnet,sub-045,ses-01,0.718,0.031741140496207736,0.718,0.71037456,0.792
deepconvnet,sub-045,ses-02,0.733,0.029283100928692594,0.733,0.72766376,0.8019999999999999
deepconvnet,sub-045,ses-03,0.8390000000000001,0.023822258499143212,0.8390000000000001,0.83714314,0.9216
deepconvnet,sub-046,ses-01,0.9720000000000001,0.007582875444051566,0.9720000000000001,0.97179244,0.9982
deepconvnet,sub-046,ses-02,0.9790000000000001,0.005477225575051652,0.9790000000000001,0.9789018800000001,0.9965999999999999
deepconvnet,sub-046,ses-03,0.9339999999999999,0.02043281674170253,0.9339999999999999,0.9332044199999998,0.9732
deepconvnet,sub-047,ses-01,0.733,0.032132538026119276,0.733,0.7254892799999999,0.8263999999999999
deepconvnet,sub-047,ses-02,0.767,0.041922547632509195,0.767,0.76114222,0.8274000000000001
deepconvnet,sub-047,ses-03,0.671,0.025347583711273162,0.671,0.66601598,0.7182000000000001
deepconvnet,sub-048,ses-01,0.8039999999999999,0.013874436925511607,0.8039999999999999,0.7998853400000001,0.8783999999999998
deepconvnet,sub-048,ses-02,0.834,0.0065192024052026015,0.834,0.8315747800000001,0.9033999999999999
deepconvnet,sub-048,ses-03,0.8280000000000001,0.01890767040118906,0.8280000000000001,0.82410412,0.9267999999999998
deepconvnet,sub-049,ses-01,0.8460000000000001,0.0129421791055448,0.8460000000000001,0.8441759400000001,0.9149999999999998
deepconvnet,sub-049,ses-02,0.603,0.03898717737923583,0.603,0.58733704,0.64
deepconvnet,sub-049,ses-03,0.873,0.029495762407505153,0.873,0.8719553400000001,0.938
deepconvnet,sub-050,ses-01,0.7979999999999999,0.020796634343085405,0.7979999999999999,0.79615474,0.8573999999999999
deepconvnet,sub-050,ses-02,0.925,0.009354143466934866,0.925,0.92438008,0.9808
deepconvnet,sub-050,ses-03,0.9259999999999999,0.011937336386313311,0.9259999999999999,0.9251929999999999,0.9772000000000001
deepconvnet,sub-051,ses-01,0.8099999999999999,0.028062430400804528,0.8099999999999999,0.8079666399999998,0.8808
deepconvnet,sub-051,ses-02,0.667,0.03978064856183218,0.667,0.6545789200000001,0.7126
deepconvnet,sub-051,ses-03,0.773,0.01955760721560792,0.773,0.7679692,0.8695999999999999
eegnet,sub-001,ses-01,0.79,0.013693063937629103,0.79,0.78795428,0.865
eegnet,sub-001,ses-02,0.9720000000000001,0.0135092560861063,0.9720000000000001,0.97186824,0.9962
eegnet,sub-001,ses-03,0.969,0.01884144368141679,0.969,0.9688657199999999,0.9916
eegnet,sub-002,ses-01,0.604,0.01781852968120544,0.604,0.59707096,0.6519999999999999
eegnet,sub-002,ses-02,0.5519999999999999,0.01823458252881044,0.5519999999999999,0.54352732,0.5732
eegnet,sub-002,ses-03,0.747,0.03978064856183211,0.747,0.74451238,0.8333999999999999
eegnet,sub-003,ses-01,0.8620000000000001,0.030943496893531586,0.8620000000000001,0.8608321,0.9268000000000001
eegnet,sub-003,ses-02,0.897,0.02636285265292814,0.897,0.89646648,0.9398
eegnet,sub-003,ses-03,0.8530000000000001,0.025149552679918596,0.8530000000000001,0.8467410000000001,0.9273999999999999
eegnet,sub-004,ses-01,0.523,0.014404860290887994,0.523,0.51114926,0.5147999999999999
eegnet,sub-004,ses-02,0.495,0.05049752469181035,0.495,0.48276956000000004,0.49399999999999994
eegnet,sub-004,ses-03,0.548,0.0256417628099162,0.548,0.5413663200000001,0.5786
eegnet,sub-005,ses-01,0.909,0.011937336386313347,0.909,0.90856314,0.9676
eegnet,sub-005,ses-02,0.8460000000000001,0.024849547279578388,0.8460000000000001,0.8441637200000001,0.9124000000000001
eegnet,sub-005,ses-03,0.686,0.05605800567269585,0.686,0.68146374,0.7466
eegnet,sub-006,ses-01,0.925,0.010606601717798262,0.925,0.9247609600000001,0.9712
eegnet,sub-006,ses-02,0.968,0.009082951062292491,0.968,0.9678236,0.9938
eegnet,sub-006,ses-03,0.9790000000000001,0.0074161984870956986,0.9790000000000001,0.9789171,0.9986
eegnet,sub-007,ses-01,0.611,0.04306971093471609,0.611,0.60511036,0.6544
eegnet,sub-007,ses-02,0.845,0.010000000000000075,0.845,0.843599,0.8976
eegnet,sub-007,ses-03,0.8780000000000001,0.01440486029088795,0.8780000000000001,0.87723832,0.9259999999999999
eegnet,sub-008,ses-01,0.7150000000000001,0.03482097069296029,0.7150000000000001,0.71056692,0.7684
eegnet,sub-008,ses-02,0.8619999999999999,0.023874672772626587,0.8619999999999999,0.8581839600000001,0.9278000000000001
eegnet,sub-008,ses-03,0.9099999999999999,0.017677669529663705,0.9099999999999999,0.9093320199999999,0.9517999999999999
eegnet,sub-009,ses-01,0.748,0.010954451150103309,0.748,0.7458494,0.8141999999999999
eegnet,sub-009,ses-02,0.741,0.006519202405202648,0.741,0.73658128,0.8206
eegnet,sub-009,ses-03,0.523,0.05943483826847687,0.523,0.51042548,0.5622
eegnet,sub-010,ses-01,0.741,0.02103568396796267,0.741,0.7379659399999999,0.7962
eegnet,sub-010,ses-02,0.9099999999999999,0.011726039399558569,0.9099999999999999,0.9095494000000001,0.9603999999999999
eegnet,sub-010,ses-03,0.765,0.02236067977499791,0.765,0.76154802,0.8442000000000001
eegnet,sub-011,ses-01,0.929,0.0041833001326703565,0.929,0.9285073,0.9826
eegnet,sub-011,ses-02,0.759,0.02747726332806823,0.759,0.7528156,0.8024000000000001
eegnet,sub-011,ses-03,0.982,0.007582875444051509,0.982,0.98195498,0.9937999999999999
eegnet,sub-012,ses-01,0.502,0.03510697936308393,0.502,0.49156132,0.4885999999999999
eegnet,sub-012,ses-02,0.499,0.04642197755374066,0.499,0.48863328,0.515
eegnet,sub-012,ses-03,0.5740000000000001,0.05941380311005181,0.5740000000000001,0.56926926,0.6093999999999999
eegnet,sub-013,ses-01,0.7859999999999999,0.032287768581925856,0.7859999999999999,0.78431682,0.8664
eegnet,sub-013,ses-02,0.825,0.01695582495781315,0.825,0.8224185399999999,0.9262
eegnet,sub-013,ses-03,0.8559999999999999,0.0302902624617219,0.8559999999999999,0.85429606,0.9288000000000001
eegnet,sub-014,ses-01,0.521,0.044073801742078006,0.521,0.51275262,0.5386
eegnet,sub-014,ses-02,0.491,0.027248853186877434,0.491,0.47745440000000006,0.488
eegnet,sub-014,ses-03,0.499,0.04292435206266948,0.499,0.48542862,0.4928
eegnet,sub-015,ses-01,0.7270000000000001,0.05007494383421715,0.7270000000000001,0.72298202,0.7924
eegnet,sub-015,ses-02,0.761,0.03228776858192586,0.761,0.75799274,0.8160000000000001
eegnet,sub-015,ses-03,0.576,0.042924352062669514,0.576,0.50045162,0.6113999999999999
eegnet,sub-016,ses-01,0.72,0.02121320343559642,0.72,0.71699772,0.7504
eegnet,sub-016,ses-02,0.5589999999999999,0.02902585054739998,0.5589999999999999,0.55213658,0.588
eegnet,sub-016,ses-03,0.523,0.034022051672408,0.523,0.5112247400000001,0.554
eegnet,sub-017,ses-01,0.728,0.025149552679918613,0.728,0.72206458,0.7994
eegnet,sub-017,ses-02,0.807,0.016431676725154967,0.807,0.80554656,0.8924
eegnet,sub-017,ses-03,0.806,0.02408318915758459,0.806,0.80472992,0.9118
eegnet,sub-018,ses-01,0.681,0.027703790354390113,0.681,0.67325724,0.7612
eegnet,sub-018,ses-02,0.709,0.02012461179749813,0.709,0.70536828,0.753
eegnet,sub-018,ses-03,0.619,0.04979959839195489,0.619,0.61374468,0.6756
eegnet,sub-019,ses-01,0.568,0.023345235059857455,0.568,0.55673322,0.571
eegnet,sub-019,ses-02,0.757,0.026362852652928127,0.757,0.75416462,0.8173999999999999
eegnet,sub-019,ses-03,0.916,0.011401754250991396,0.916,0.91505574,0.9621999999999999
eegnet,sub-020,ses-01,0.9640000000000001,0.0074161984870956595,0.9640000000000001,0.9638591999999999,0.9945999999999999
eegnet,sub-020,ses-02,0.9720000000000001,0.00670820393249933,0.9720000000000001,0.9719499599999999,0.9916
eegnet,sub-020,ses-03,0.95,0.0061237243569579585,0.95,0.94979262,0.9927999999999999
eegnet,sub-021,ses-01,0.773,0.039623225512317915,0.773,0.77000488,0.8508000000000001
eegnet,sub-021,ses-02,0.786,0.022748626332154638,0.786,0.78445772,0.8645999999999999
eegnet,sub-021,ses-03,0.876,0.01083974169433943,0.876,0.87501052,0.9378
eegnet,sub-022,ses-01,0.767,0.010368220676663865,0.767,0.76437442,0.8276
eegnet,sub-022,ses-02,0.796,0.026315394733881576,0.796,0.7917820600000001,0.8714000000000001
eegnet,sub-022,ses-03,0.766,0.04037325847637275,0.766,0.76365532,0.8336
eegnet,sub-023,ses-02,0.9109999999999999,0.01635542723379613,0.9109999999999999,0.91060248,0.9676
eegnet,sub-023,ses-03,0.96,0.006123724356958002,0.96,0.9597782,0.9885999999999999
eegnet,sub-024,ses-01,0.96,0.009354143466934877,0.96,0.95984918,0.9938
eegnet,sub-025,ses-01,0.9,0.014577379737113245,0.9,0.89954106,0.951
eegnet,sub-025,ses-02,0.9359999999999999,0.010839741694339357,0.9359999999999999,0.9355093,0.9736
eegnet,sub-025,ses-03,0.891,0.018841443681416714,0.891,0.8901144999999999,0.9586
eegnet,sub-026,ses-02,0.931,0.011401754250991394,0.931,0.93065388,0.9734
eegnet,sub-026,ses-03,0.9570000000000001,0.017888543819998333,0.9570000000000001,0.9567387199999999,0.9836
eegnet,sub-027,ses-01,0.7929999999999999,0.012549900398011132,0.7929999999999999,0.7908388399999999,0.8746
eegnet,sub-027,ses-02,0.731,0.04114000486144846,0.731,0.7291949600000001,0.7776
eegnet,sub-027,ses-03,0.861,0.023021728866442697,0.861,0.8601140399999998,0.9364000000000001
eegnet,sub-028,ses-01,0.8949999999999999,0.007071067811865481,0.8949999999999999,0.8941959799999999,0.9460000000000001
eegnet,sub-028,ses-02,0.85,0.016955824957813146,0.85,0.8483921999999999,0.9134
eegnet,sub-028,ses-03,0.7100000000000001,0.05196152422706635,0.7100000000000001,0.7032575600000001,0.7798
eegnet,sub-029,ses-01,0.852,0.027522717889045818,0.852,0.8506778799999999,0.9129999999999999
eegnet,sub-029,ses-02,0.9400000000000001,0.012747548783981896,0.9400000000000001,0.93957868,0.9886000000000001
eegnet,sub-029,ses-03,0.951,0.015572411502397425,0.951,0.95067268,0.9833999999999999
eegnet,sub-030,ses-01,0.6769999999999999,0.10657157219446473,0.6769999999999999,0.58286964,0.9865999999999999
eegnet,sub-030,ses-02,0.9030000000000001,0.010954451150103331,0.9030000000000001,0.9023899200000001,0.9676
eegnet,sub-030,ses-03,0.9289999999999999,0.01294217910554476,0.9289999999999999,0.92846974,0.9776
eegnet,sub-031,ses-01,0.791,0.018506755523321757,0.791,0.7890903199999999,0.8714000000000001
eegnet,sub-031,ses-02,0.82,0.011180339887498886,0.82,0.81782446,0.9076000000000001
eegnet,sub-031,ses-03,0.8280000000000001,0.019874606914351826,0.8280000000000001,0.8267670199999999,0.898
eegnet,sub-032,ses-01,0.631,0.013874436925511616,0.631,0.62572902,0.6608
eegnet,sub-032,ses-03,0.7689999999999999,0.02770379035439014,0.7689999999999999,0.76665306,0.8364
eegnet,sub-033,ses-01,0.9259999999999999,0.019811612756158947,0.9259999999999999,0.92561518,0.9746
eegnet,sub-033,ses-02,0.958,0.01524795068197693,0.958,0.95774198,0.9822
eegnet,sub-033,ses-03,0.953,0.00758287544405155,0.953,0.95270334,0.9890000000000001
eegnet,sub-034,ses-01,0.732,0.032519225083018216,0.732,0.72805532,0.7998000000000001
eegnet,sub-034,ses-02,0.8789999999999999,0.023291629397704253,0.8789999999999999,0.8781072200000001,0.9381999999999999
eegnet,sub-034,ses-03,0.905,0.011180339887498914,0.905,0.904501,0.966
eegnet,sub-035,ses-01,0.9720000000000001,0.004472135954999527,0.9720000000000001,0.97191476,0.9975999999999999
eegnet,sub-035,ses-02,0.9789999999999999,0.008215838362577523,0.9789999999999999,0.9789624800000001,0.9958
eegnet,sub-035,ses-03,0.9,0.05184110338331926,0.9,0.8985832199999999,0.9481999999999999
eegnet,sub-036,ses-01,0.842,0.02167948338867878,0.842,0.84030916,0.8994
eegnet,sub-036,ses-02,0.9399999999999998,0.013228756555322928,0.9399999999999998,0.9397423,0.9846
eegnet,sub-036,ses-03,0.974,0.009617692030835685,0.974,0.9738842,0.9877
eegnet,sub-037,ses-01,0.835,0.03427827300200516,0.835,0.82599618,0.9314
eegnet,sub-037,ses-02,0.9109999999999999,0.01193733638631338,0.9109999999999999,0.9103714,0.9768000000000001
eegnet,sub-037,ses-03,0.9179999999999999,0.009746794344808993,0.9179999999999999,0.9174988199999999,0.9635999999999999
eegnet,sub-038,ses-01,0.516,0.05424481542046208,0.516,0.48286436000000005,0.4974
eegnet,sub-038,ses-02,0.785,0.016201851746019666,0.785,0.78240284,0.8593999999999999
eegnet,sub-038,ses-03,0.8859999999999999,0.017818529681205512,0.8859999999999999,0.88489234,0.9558
eegnet,sub-039,ses-01,0.753,0.034749100707788125,0.753,0.7505261799999999,0.8098000000000001
eegnet,sub-039,ses-02,0.859,0.010839741694339404,0.859,0.8581789799999999,0.9418
eegnet,sub-039,ses-03,0.7,0.02598076211353318,0.7,0.6961305999999999,0.7726
eegnet,sub-040,ses-01,0.7230000000000001,0.025641762809916178,0.7230000000000001,0.7186836600000001,0.7984
eegnet,sub-040,ses-02,0.627,0.024135036772294338,0.627,0.62086874,0.6606
eegnet,sub-040,ses-03,0.726,0.021621748310439642,0.726,0.7228128199999999,0.8065999999999999
eegnet,sub-041,ses-01,0.8949999999999999,0.01274754878398195,0.8949999999999999,0.8944303399999999,0.9576
eegnet,sub-041,ses-02,0.858,0.016046806535881315,0.858,0.8568227,0.9289999999999999
eegnet,sub-041,ses-03,0.875,0.011726039399558581,0.875,0.8737490000000001,0.9478
eegnet,sub-042,ses-01,0.7070000000000001,0.026124700955226232,0.7070000000000001,0.7023651799999999,0.7638
eegnet,sub-042,ses-02,0.6759999999999999,0.025836021365527633,0.6759999999999999,0.67031754,0.725
eegnet,sub-042,ses-03,0.683,0.01955760721560792,0.683,0.6793534999999999,0.727
eegnet,sub-043,ses-01,0.9630000000000001,0.01095445115010336,0.9630000000000001,0.96284648,0.993
eegnet,sub-043,ses-02,0.9720000000000001,0.00836660026534082,0.9720000000000001,0.9719248,0.9938
eegnet,sub-043,ses-03,0.96,0.009354143466934898,0.96,0.95973104,0.9826
eegnet,sub-044,ses-01,0.558,0.031741140496207736,0.558,0.55220052,0.5796
eegnet,sub-044,ses-02,0.692,0.026362852652928148,0.692,0.6886548400000001,0.7712
eegnet,sub-044,ses-03,0.725,0.03905124837953328,0.725,0.72172132,0.7952
eegnet,sub-045,ses-01,0.8370000000000001,0.02906888370749731,0.8370000000000001,0.83633662,0.9119999999999999
eegnet,sub-045,ses-02,0.7779999999999999,0.0075828754440515145,0.7779999999999999,0.77657244,0.8427999999999999
eegnet,sub-045,ses-03,0.885,0.02371708245126289,0.885,0.88436638,0.9428000000000001
eegnet,sub-046,ses-01,0.982,0.009082951062292434,0.982,0.98189344,0.9972000000000001
eegnet,sub-046,ses-02,0.984,0.004183300132670361,0.984,0.983975,0.9982000000000001
eegnet,sub-046,ses-03,0.9490000000000001,0.012942179105544797,0.9490000000000001,0.9487962,0.9768000000000001
eegnet,sub-047,ses-01,0.837,0.017535677916750193,0.837,0.83567654,0.9102
eegnet,sub-047,ses-02,0.8699999999999999,0.019685019685029503,0.8699999999999999,0.8687644800000001,0.9338000000000001
eegnet,sub-047,ses-03,0.857,0.029706901555025898,0.857,0.85556604,0.9304
eegnet,sub-048,ses-01,0.8459999999999999,0.026551836094703463,0.8459999999999999,0.84498608,0.9057999999999999
eegnet,sub-048,ses-02,0.8470000000000001,0.01036822067666383,0.8470000000000001,0.8457760000000001,0.9057999999999999
eegnet,sub-048,ses-03,0.8630000000000001,0.030740852297878773,0.8630000000000001,0.8611261000000001,0.9486000000000001
eegnet,sub-049,ses-01,0.907,0.012549900398011174,0.907,0.90624544,0.9464
eegnet,sub-049,ses-02,0.853,0.014404860290887953,0.853,0.8517127,0.9362
eegnet,sub-049,ses-03,0.909,0.01557241150239745,0.909,0.90867354,0.9626000000000001
eegnet,sub-050,ses-01,0.893,0.00908295106229247,0.893,0.89208946,0.9398
eegnet,sub-050,ses-02,0.951,0.008215838362577475,0.951,0.9508154799999999,0.9937999999999999
eegnet,sub-050,ses-03,0.945,0.007905694150420979,0.945,0.94462334,0.9894000000000001
eegnet,sub-051,ses-01,0.8719999999999999,0.018234582528810408,0.8719999999999999,0.87101722,0.9276
eegnet,sub-051,ses-02,0.805,0.028722813232690134,0.805,0.8027651600000001,0.8899999999999999
eegnet,sub-051,ses-03,0.8710000000000001,0.020432816741702563,0.8710000000000001,0.87013078,0.9396000000000001
fbcnet,sub-001,ses-01,0.6859999999999999,0.03342902930089353,0.6859999999999999,0.68044946,0.7806
fbcnet,sub-001,ses-02,0.8460000000000001,0.011937336386313304,0.8460000000000001,0.8449484,0.9151999999999999
fbcnet,sub-001,ses-03,0.8629999999999999,0.01643167672515502,0.8629999999999999,0.8614016400000001,0.9481999999999999
fbcnet,sub-002,ses-01,0.549,0.02631539473388154,0.549,0.5369168,0.5662
fbcnet,sub-002,ses-02,0.504,0.03612478373637688,0.504,0.48576984,0.5022
fbcnet,sub-002,ses-03,0.627,0.03327912258458747,0.627,0.61714566,0.6804
fbcnet,sub-003,ses-01,0.7969999999999999,0.0195576072156079,0.7969999999999999,0.7942266200000001,0.8734
fbcnet,sub-003,ses-02,0.8390000000000001,0.0065192024052026214,0.8390000000000001,0.83741934,0.9084
fbcnet,sub-003,ses-03,0.792,0.05032395056034453,0.792,0.77973388,0.8682000000000001
fbcnet,sub-004,ses-01,0.534,0.03209361307176244,0.534,0.5231089800000001,0.5366
fbcnet,sub-004,ses-02,0.517,0.02387467277262666,0.517,0.50294318,0.5172000000000001
fbcnet,sub-004,ses-03,0.489,0.017818529681205477,0.489,0.4741302,0.4742
fbcnet,sub-005,ses-01,0.8150000000000001,0.018708286933869698,0.8150000000000001,0.81390446,0.8832000000000001
fbcnet,sub-005,ses-02,0.8220000000000001,0.018234582528810467,0.8220000000000001,0.8201659400000001,0.8949999999999999
fbcnet,sub-005,ses-03,0.8140000000000001,0.025099800796022264,0.8140000000000001,0.81232832,0.8869999999999999
fbcnet,sub-006,ses-01,0.899,0.026076809620810555,0.899,0.89823304,0.9671999999999998
fbcnet,sub-006,ses-02,0.95,0.011726039399558569,0.95,0.9497110000000001,0.9826
fbcnet,sub-006,ses-03,0.95,0.010000000000000021,0.95,0.94943724,0.992
fbcnet,sub-007,ses-01,0.567,0.04494441010848844,0.567,0.5586785599999999,0.5894
fbcnet,sub-007,ses-02,0.6599999999999999,0.01457737973711322,0.6599999999999999,0.6522608,0.7216
fbcnet,sub-007,ses-03,0.74,0.020000000000000014,0.74,0.7358914999999999,0.8314
fbcnet,sub-008,ses-01,0.604,0.021908902300206617,0.604,0.58801732,0.64
fbcnet,sub-008,ses-02,0.704,0.02103568396796266,0.704,0.69907936,0.7699999999999999
fbcnet,sub-008,ses-03,0.836,0.014317821063276406,0.836,0.8349274799999999,0.924
fbcnet,sub-009,ses-01,0.563,0.05191338940966964,0.563,0.5525296,0.5974
fbcnet,sub-009,ses-02,0.615,0.0293683503111769,0.615,0.61008162,0.6434
fbcnet,sub-009,ses-03,0.524,0.021035683967962637,0.524,0.5088771999999999,0.5382
fbcnet,sub-010,ses-01,0.542,0.030536862969204933,0.542,0.5261219,0.5658
fbcnet,sub-010,ses-02,0.674,0.030903074280724842,0.674,0.6665720399999999,0.7124
fbcnet,sub-010,ses-03,0.717,0.03946517452134222,0.717,0.71144462,0.8058
fbcnet,sub-011,ses-01,0.8620000000000001,0.012549900398011167,0.8620000000000001,0.8608285,0.9356
fbcnet,sub-011,ses-02,0.632,0.04906628170138834,0.632,0.6235573600000001,0.6954
fbcnet,sub-011,ses-03,0.764,0.014747881203752594,0.764,0.7604789399999999,0.8399999999999999
fbcnet,sub-012,ses-01,0.534,0.056942953910031686,0.534,0.52048732,0.5424
fbcnet,sub-012,ses-02,0.484,0.0159687194226713,0.484,0.46749668,0.46399999999999997
fbcnet,sub-012,ses-03,0.554,0.013874436925511565,0.554,0.54372824,0.5831999999999999
fbcnet,sub-013,ses-01,0.581,0.015968719422671314,0.581,0.5710128,0.6306
fbcnet,sub-013,ses-02,0.5589999999999999,0.032287768581925905,0.5589999999999999,0.54439098,0.594
fbcnet,sub-013,ses-03,0.563,0.024647515087732486,0.563,0.54623354,0.5801999999999999
fbcnet,sub-014,ses-01,0.524,0.03248076353782341,0.524,0.5079786000000001,0.5124000000000001
fbcnet,sub-014,ses-02,0.496,0.02329162939770427,0.496,0.48169804000000005,0.5234
fbcnet,sub-014,ses-03,0.47400000000000003,0.012449899597988746,0.47400000000000003,0.45056862000000003,0.47000000000000003
fbcnet,sub-015,ses-01,0.583,0.019235384061671343,0.583,0.57655156,0.6376000000000001
fbcnet,sub-015,ses-02,0.612,0.03033150177620622,0.612,0.60559338,0.6546000000000001
fbcnet,sub-015,ses-03,0.502,0.026124700955226256,0.502,0.47941284,0.4968
fbcnet,sub-016,ses-01,0.537,0.020796634343085423,0.537,0.52236086,0.57
fbcnet,sub-016,ses-02,0.502,0.04424364361125789,0.502,0.4807722,0.4866
fbcnet,sub-016,ses-03,0.5509999999999999,0.02966479394838263,0.5509999999999999,0.53760282,0.575
fbcnet,sub-017,ses-01,0.5770000000000001,0.04563441683641854,0.5770000000000001,0.56068268,0.6128
fbcnet,sub-017,ses-02,0.618,0.03420526275297417,0.618,0.6031393599999999,0.6522
fbcnet,sub-017,ses-03,0.713,0.01396424004376895,0.713,0.70853422,0.7682
fbcnet,sub-018,ses-01,0.546,0.015572411502397453,0.546,0.53151028,0.5534000000000001
fbcnet,sub-018,ses-02,0.541,0.026786190471957724,0.541,0.5241239799999999,0.5728
fbcnet,sub-018,ses-03,0.528,0.025149552679918568,0.528,0.51585842,0.5368
fbcnet,sub-019,ses-01,0.617,0.03456877203488721,0.617,0.6111146,0.6622
fbcnet,sub-019,ses-02,0.49800000000000005,0.020796634343085388,0.49800000000000005,0.48644306000000004,0.49420000000000003
fbcnet,sub-019,ses-03,0.791,0.04378926809162266,0.791,0.7879605199999999,0.8768
fbcnet,sub-020,ses-01,0.8190000000000002,0.026315394733881524,0.8190000000000002,0.81695366,0.8788
fbcnet,sub-020,ses-02,0.784,0.012942179105544797,0.784,0.7814427399999999,0.8634000000000001
fbcnet,sub-020,ses-03,0.82,0.00790569415042094,0.82,0.8180462800000001,0.9
fbcnet,sub-021,ses-01,0.653,0.03251922508301823,0.653,0.64604444,0.7138
fbcnet,sub-021,ses-02,0.518,0.04251470333896261,0.518,0.5013329799999999,0.5302
fbcnet,sub-021,ses-03,0.6519999999999999,0.021389249636207423,0.6519999999999999,0.64493556,0.7081999999999999
fbcnet,sub-022,ses-01,0.711,0.026315394733881538,0.711,0.70688262,0.772
fbcnet,sub-022,ses-02,0.65,0.033541019662496896,0.65,0.6429364399999999,0.6950000000000001
fbcnet,sub-022,ses-03,0.649,0.02678619047195777,0.649,0.6392163,0.6961999999999999
fbcnet,sub-023,ses-02,0.8400000000000001,0.017677669529663743,0.8400000000000001,0.83878622,0.917
fbcnet,sub-023,ses-03,0.9450000000000001,0.013228756555322956,0.9450000000000001,0.9448214399999999,0.9862
fbcnet,sub-024,ses-01,0.8379999999999999,0.01524795068197686,0.8379999999999999,0.8363944400000001,0.9276
fbcnet,sub-025,ses-01,0.765,0.026925824035672483,0.765,0.76229116,0.8538
fbcnet,sub-025,ses-02,0.8640000000000001,0.023291629397704256,0.8640000000000001,0.86263662,0.943
fbcnet,sub-025,ses-03,0.6689999999999999,0.06813589362443258,0.6689999999999999,0.66499904,0.7182000000000001
fbcnet,sub-026,ses-02,0.841,0.009617692030835666,0.841,0.83840878,0.9276
fbcnet,sub-026,ses-03,0.8640000000000001,0.02859195691099165,0.8640000000000001,0.8624190799999999,0.9308
fbcnet,sub-027,ses-01,0.708,0.015247950681976876,0.708,0.7039854999999999,0.787
fbcnet,sub-027,ses-02,0.664,0.013416407864998724,0.664,0.65817008,0.7104
fbcnet,sub-027,ses-03,0.745,0.011726039399558555,0.745,0.73976064,0.835
fbcnet,sub-028,ses-01,0.857,0.009746794344808934,0.857,0.8553096800000001,0.9388
fbcnet,sub-028,ses-02,0.8230000000000001,0.017175564037317664,0.8230000000000001,0.8210163400000001,0.8964000000000001
fbcnet,sub-028,ses-03,0.825,0.015411035007422432,0.825,0.82329382,0.9006000000000001
fbcnet,sub-029,ses-01,0.96,0.00500000000000005,0.96,0.9598028,0.9960000000000001
fbcnet,sub-029,ses-02,0.977,0.005700877125495738,0.977,0.9768969000000001,0.9986
fbcnet,sub-029,ses-03,0.9259999999999999,0.013416407864998729,0.9259999999999999,0.92540314,0.9768000000000001
fbcnet,sub-030,ses-01,0.762,0.03866522985836247,0.762,0.74306768,0.8834
fbcnet,sub-030,ses-02,0.8220000000000001,0.010368220676663868,0.8220000000000001,0.81954004,0.9168
fbcnet,sub-030,ses-03,0.8220000000000001,0.016807736313971613,0.8220000000000001,0.82032516,0.8904
fbcnet,sub-031,ses-01,0.649,0.050423208941914835,0.649,0.64047878,0.7238
fbcnet,sub-031,ses-02,0.643,0.026598872156540727,0.643,0.63922548,0.6866
fbcnet,sub-031,ses-03,0.648,0.025396850198400583,0.648,0.6404983200000001,0.7104
fbcnet,sub-032,ses-01,0.659,0.021035683967962654,0.659,0.64994706,0.7184
fbcnet,sub-032,ses-03,0.576,0.016355427233796096,0.576,0.55871422,0.6188
fbcnet,sub-033,ses-01,0.9710000000000001,0.004183300132670332,0.9710000000000001,0.9708565,0.9948
fbcnet,sub-033,ses-02,0.9690000000000001,0.009617692030835678,0.9690000000000001,0.96889688,0.9942
fbcnet,sub-033,ses-03,0.9490000000000001,0.014317821063276325,0.9490000000000001,0.9487498600000001,0.991
fbcnet,sub-034,ses-01,0.557,0.0468508271004899,0.557,0.5400169800000001,0.5572
fbcnet,sub-034,ses-02,0.743,0.03546124645299433,0.743,0.73864112,0.8204
fbcnet,sub-034,ses-03,0.528,0.020186629238186368,0.528,0.5169286200000001,0.5488
fbcnet,sub-035,ses-01,0.914,0.01635542723379612,0.914,0.9136312400000002,0.975
fbcnet,sub-035,ses-02,0.942,0.015247950681976907,0.942,0.9417524,0.9892
fbcnet,sub-035,ses-03,0.852,0.03402205167240797,0.852,0.8505051800000001,0.9288000000000001
fbcnet,sub-036,ses-01,0.762,0.026598872156540814,0.762,0.7586185000000001,0.8542
fbcnet,sub-036,ses-02,0.909,0.023291629397704173,0.909,0.9084780800000001,0.9692000000000001
fbcnet,sub-036,ses-03,0.9630000000000001,0.009082951062292418,0.9630000000000001,0.96276564,0.9914
fbcnet,sub-037,ses-01,0.659,0.033615472627943295,0.659,0.65312896,0.729
fbcnet,sub-037,ses-02,0.752,0.04086563348340512,0.752,0.7484994,0.8066000000000001
fbcnet,sub-037,ses-03,0.8039999999999999,0.024341322889276137,0.8039999999999999,0.8020103800000001,0.8894
fbcnet,sub-038,ses-01,0.496,0.023822258499143188,0.496,0.47997316,0.48860000000000003
fbcnet,sub-038,ses-02,0.632,0.025149552679918596,0.632,0.62455486,0.6752
fbcnet,sub-038,ses-03,0.5429999999999999,0.029706901555025887,0.5429999999999999,0.5323055,0.5554
fbcnet,sub-039,ses-01,0.757,0.05403702434442521,0.757,0.7531689,0.8362
fbcnet,sub-039,ses-02,0.658,0.03094349689353159,0.658,0.65025526,0.7285999999999999
fbcnet,sub-039,ses-03,0.785,0.012747548783981964,0.785,0.78344668,0.866
fbcnet,sub-040,ses-01,0.725,0.015811388300841892,0.725,0.72146254,0.8004
fbcnet,sub-040,ses-02,0.571,0.028151376520518488,0.571,0.5579307200000001,0.6085999999999999
fbcnet,sub-040,ses-03,0.74,0.03391164991562628,0.74,0.7356231799999999,0.8164
fbcnet,sub-041,ses-01,0.8160000000000001,0.009617692030835682,0.8160000000000001,0.81426526,0.8870000000000001
fbcnet,sub-041,ses-02,0.763,0.0345687720348872,0.763,0.76029554,0.849
fbcnet,sub-041,ses-03,0.8320000000000001,0.016046806535881305,0.8320000000000001,0.8299076,0.9208000000000001
fbcnet,sub-042,ses-01,0.693,0.03718198488515642,0.693,0.6888584,0.7486
fbcnet,sub-042,ses-02,0.594,0.018841443681416735,0.594,0.5827331,0.6577999999999999
fbcnet,sub-042,ses-03,0.613,0.03114482300479492,0.613,0.60676758,0.6674
fbcnet,sub-043,ses-01,0.983,0.011510864433221284,0.983,0.9829675,0.9964000000000001
fbcnet,sub-043,ses-02,0.962,0.010368220676663872,0.962,0.96190456,0.9940000000000001
fbcnet,sub-043,ses-03,0.961,0.018506755523321716,0.961,0.9608818399999999,0.9862
fbcnet,sub-044,ses-01,0.539,0.013874436925511584,0.539,0.5223531,0.5528000000000001
fbcnet,sub-044,ses-02,0.591,0.04144273157020421,0.591,0.5860024,0.6452
fbcnet,sub-044,ses-03,0.5199999999999999,0.022912878474779207,0.5199999999999999,0.5036330600000001,0.5324
fbcnet,sub-045,ses-01,0.7230000000000001,0.027294688127912376,0.7230000000000001,0.7183474999999999,0.8022
fbcnet,sub-045,ses-02,0.593,0.023075961518428684,0.593,0.5799581,0.6344
fbcnet,sub-045,ses-03,0.8009999999999999,0.00821583836257742,0.8009999999999999,0.79842728,0.8911999999999999
fbcnet,sub-046,ses-01,0.9630000000000001,0.005700877125495673,0.9630000000000001,0.9628868799999999,0.9914
fbcnet,sub-046,ses-02,0.946,0.007416198487095676,0.946,0.9457631799999999,0.9899999999999999
fbcnet,sub-046,ses-03,0.9199999999999999,0.003535533905932756,0.9199999999999999,0.9195243200000001,0.9704
fbcnet,sub-047,ses-01,0.77,0.028284271247461912,0.77,0.7657425200000001,0.8526
fbcnet,sub-047,ses-02,0.749,0.03681032463861194,0.749,0.7462090399999999,0.8158
fbcnet,sub-047,ses-03,0.826,0.04546977017755858,0.826,0.82173778,0.897
fbcnet,sub-048,ses-01,0.613,0.05251190341246449,0.613,0.60224656,0.6702
fbcnet,sub-048,ses-02,0.634,0.023291629397704204,0.634,0.62473272,0.694
fbcnet,sub-048,ses-03,0.755,0.007905694150420965,0.755,0.7498153000000001,0.8472000000000002
fbcnet,sub-049,ses-01,0.9460000000000001,0.0119373363863133,0.9460000000000001,0.94579356,0.9872
fbcnet,sub-049,ses-02,0.8719999999999999,0.014404860290887885,0.8719999999999999,0.8709971,0.9468
fbcnet,sub-049,ses-03,0.858,0.0238746727726266,0.858,0.8566905800000001,0.945
fbcnet,sub-050,ses-01,0.776,0.0151657508881031,0.776,0.77314042,0.8698
fbcnet,sub-050,ses-02,0.916,0.020736441353327674,0.916,0.9152201999999999,0.9756
fbcnet,sub-050,ses-03,0.8300000000000001,0.005000000000000018,0.8300000000000001,0.82808706,0.9076000000000001
fbcnet,sub-051,ses-01,0.766,0.03879432948254163,0.766,0.76271716,0.841
fbcnet,sub-051,ses-02,0.787,0.0135092560861063,0.787,0.78499476,0.8886
fbcnet,sub-051,ses-03,0.783,0.009082951062292488,0.783,0.7804905,0.8635999999999999
